area,type,horizon,hours_set,split,split_key,bias_mw,hours,mae_mw,mean_outcome_mw,nmae_pct,persistence_hours,persistence_mae_mw,persistence_skill,persistence_won_pct,recent_hours,recent_mae_mw,recent_skill,recent_won_pct
DK1,offshore,day-ahead,all,period,all,7.18,57882,141.95,549.48,25.83,57859,296.07,0.5205,69.86,57403,313.0,0.5454,78.03
DK1,offshore,day-ahead,all,year,2019,0.18,1440,101.28,683.29,14.82,1417,314.61,0.6771,77.21,961,311.92,0.6742,83.14
DK1,offshore,day-ahead,all,year,2020,20.17,8736,111.89,553.22,20.23,8736,281.13,0.602,74.65,8736,307.99,0.6367,81.0
DK1,offshore,day-ahead,all,year,2021,49.46,8682,99.27,453.38,21.9,8682,264.63,0.6249,73.68,8682,281.89,0.6478,81.02
DK1,offshore,day-ahead,all,year,2022,66.39,8736,104.39,495.7,21.06,8736,240.6,0.5661,70.15,8736,272.18,0.6165,78.91
DK1,offshore,day-ahead,all,year,2023,83.95,8736,120.91,457.67,26.42,8736,260.64,0.5361,67.4,8736,271.61,0.5548,76.21
DK1,offshore,day-ahead,all,year,2024,-20.9,8688,153.58,596.46,25.75,8688,320.36,0.5206,68.45,8688,343.55,0.553,82.71
DK1,offshore,day-ahead,all,year,2025,-52.87,8568,204.23,613.77,33.27,8568,360.8,0.434,67.9,8568,347.16,0.4117,74.56
DK1,offshore,day-ahead,all,year,2026,-202.26,4296,274.35,764.1,35.91,4296,390.49,0.2974,61.1,4296,423.5,0.3522,64.15
DK1,offshore,day-ahead,all,quarter,Q1,-21.68,15120,155.12,676.68,22.92,15120,302.62,0.4874,66.13,15120,331.81,0.5325,76.57
DK1,offshore,day-ahead,all,quarter,Q2,13.25,15114,140.12,433.52,32.32,15114,292.13,0.5204,72.25,15114,299.9,0.5328,78.09
DK1,offshore,day-ahead,all,quarter,Q3,37.25,13176,126.98,421.3,30.14,13176,274.09,0.5367,71.83,13176,284.56,0.5538,78.85
DK1,offshore,day-ahead,all,quarter,Q4,3.63,14472,143.72,654.4,21.96,14449,313.37,0.5411,69.45,13993,333.58,0.5647,78.78
DK1,offshore,day-ahead,common,period,all,11.55,35900,146.33,541.82,27.01,35885,321.18,0.5443,71.7,35608,310.7,0.5279,77.1
DK1,offshore,day-ahead,common,year,2019,-2.76,892,107.04,687.82,15.56,877,330.63,0.6757,76.62,600,316.8,0.6545,82.0
DK1,offshore,day-ahead,common,year,2020,17.25,5439,114.62,555.81,20.62,5439,300.85,0.619,75.71,5439,302.85,0.6215,79.74
DK1,offshore,day-ahead,common,year,2021,49.86,5364,103.27,451.83,22.85,5364,288.89,0.6425,75.09,5364,287.08,0.6403,81.43
DK1,offshore,day-ahead,common,year,2022,64.15,5427,106.68,490.52,21.75,5427,259.46,0.5888,72.1,5427,272.66,0.6087,79.05
DK1,offshore,day-ahead,common,year,2023,82.19,5452,125.06,453.43,27.58,5452,285.76,0.5624,70.32,5452,272.3,0.5407,75.46
DK1,offshore,day-ahead,common,year,2024,-13.23,5359,158.61,584.21,27.15,5359,350.62,0.5476,70.61,5359,342.11,0.5364,81.15
DK1,offshore,day-ahead,common,year,2025,-31.13,5302,214.33,589.32,36.37,5302,392.38,0.4538,69.58,5302,334.92,0.3601,71.46
DK1,offshore,day-ahead,common,year,2026,-189.35,2665,275.19,751.11,36.64,2665,421.84,0.3476,63.45,2665,417.55,0.3409,64.28
DK1,offshore,day-ahead,common,quarter,Q1,-21.16,9410,157.92,673.44,23.45,9410,328.65,0.5195,68.15,9410,328.67,0.5195,75.7
DK1,offshore,day-ahead,common,quarter,Q2,30.57,9367,149.94,406.75,36.86,9367,317.13,0.5272,73.39,9367,294.31,0.4905,76.01
DK1,offshore,day-ahead,common,quarter,Q3,43.07,8189,133.08,407.3,32.68,8189,298.42,0.554,74.1,8189,279.29,0.5235,77.1
DK1,offshore,day-ahead,common,quarter,Q4,-2.85,8934,142.49,668.13,21.33,8919,338.46,0.5788,71.47,8642,338.66,0.5752,79.78
DK1,offshore,intraday,all,period,all,6.86,36222,131.14,541.52,24.22,36222,212.37,0.3825,63.4,35937,308.08,0.5731,79.4
DK1,offshore,intraday,all,year,2019,-6.9,900,87.45,686.54,12.74,900,241.34,0.6376,71.22,615,309.57,0.7142,85.37
DK1,offshore,intraday,all,year,2020,13.75,5460,94.44,555.17,17.01,5460,210.98,0.5524,70.26,5460,301.01,0.6863,83.61
DK1,offshore,intraday,all,year,2021,50.58,5427,91.43,450.62,20.29,5427,176.26,0.4813,67.27,5427,284.78,0.6789,82.77
DK1,offshore,intraday,all,year,2022,61.8,5460,94.37,489.84,19.27,5460,170.6,0.4468,63.02,5460,269.18,0.6494,80.68
DK1,offshore,intraday,all,year,2023,79.7,5460,111.0,454.04,24.45,5460,184.96,0.3999,61.61,5460,269.39,0.588,78.15
DK1,offshore,intraday,all,year,2024,-24.51,5445,143.51,587.23,24.44,5445,229.11,0.3736,61.21,5445,339.26,0.577,83.34
DK1,offshore,intraday,all,year,2025,-39.18,5385,196.16,586.16,33.47,5385,269.0,0.2708,61.13,5385,333.78,0.4123,74.45
DK1,offshore,intraday,all,year,2026,-194.8,2685,260.96,749.7,34.81,2685,271.65,0.0394,52.33,2685,412.24,0.367,64.58
DK1,offshore,intraday,all,quarter,Q1,-21.02,9450,141.39,673.6,20.99,9450,205.71,0.3127,57.98,9450,325.74,0.566,77.7
DK1,offshore,intraday,all,quarter,Q2,21.14,9432,136.87,408.31,33.52,9432,223.48,0.3876,67.03,9432,291.0,0.5297,77.6
DK1,offshore,intraday,all,quarter,Q3,38.54,8250,118.84,406.9,29.21,8250,206.26,0.4238,67.32,8250,276.79,0.5706,80.11
DK1,offshore,intraday,all,quarter,Q4,-7.72,9090,125.72,664.63,18.92,9090,213.32,0.4107,61.69,8805,336.74,0.6228,82.5
DK1,offshore,intraday,common,period,all,7.15,35900,131.24,541.82,24.22,35900,212.46,0.3823,63.43,35623,307.48,0.572,79.38
DK1,offshore,intraday,common,year,2019,-7.05,892,87.79,687.82,12.76,892,240.57,0.6351,70.96,615,309.57,0.7142,85.37
DK1,offshore,intraday,common,year,2020,14.05,5439,94.35,555.81,16.98,5439,210.47,0.5517,70.23,5439,300.57,0.6861,83.62
DK1,offshore,intraday,common,year,2021,50.81,5364,91.63,451.83,20.28,5364,176.6,0.4811,67.15,5364,284.69,0.6781,82.77
DK1,offshore,intraday,common,year,2022,61.8,5427,94.5,490.52,19.26,5427,169.52,0.4425,62.94,5427,268.55,0.6481,80.69
DK1,offshore,intraday,common,year,2023,79.84,5452,110.99,453.43,24.48,5452,184.84,0.3996,61.61,5452,269.24,0.5878,78.14
DK1,offshore,intraday,common,year,2024,-23.54,5359,142.83,584.21,24.45,5359,230.01,0.379,61.58,5359,338.57,0.5782,83.41
DK1,offshore,intraday,common,year,2025,-39.65,5302,197.55,589.32,33.52,5302,270.95,0.2709,61.34,5302,331.85,0.4047,74.2
DK1,offshore,intraday,common,year,2026,-195.18,2665,261.79,751.11,34.85,2665,271.62,0.0362,52.2,2665,413.46,0.3668,64.58
DK1,offshore,intraday,common,quarter,Q1,-20.62,9410,141.18,673.44,20.96,9410,205.45,0.3128,58.01,9410,325.33,0.566,77.68
DK1,offshore,intraday,common,quarter,Q2,21.62,9367,136.81,406.75,33.64,9367,223.65,0.3883,67.09,9367,291.19,0.5302,77.69
DK1,offshore,intraday,common,quarter,Q3,38.73,8189,118.89,407.3,29.19,8189,206.26,0.4236,67.41,8189,276.72,0.5704,80.08
DK1,offshore,intraday,common,quarter,Q4,-7.71,8934,126.23,668.13,18.89,8934,213.8,0.4096,61.67,8657,334.79,0.6191,82.38
DK1,offshore,5 hours,all,period,all,0.16,57827,129.37,548.79,23.57,57821,189.31,0.3166,61.66,57362,311.45,0.5834,79.91
DK1,offshore,5 hours,all,year,2019,-3.94,1444,83.39,685.63,12.16,1438,190.38,0.5619,69.89,979,307.67,0.7288,85.8
DK1,offshore,5 hours,all,year,2020,13.33,8720,95.23,551.7,17.26,8720,184.48,0.4838,69.47,8720,306.94,0.6898,83.93
DK1,offshore,5 hours,all,year,2021,50.21,8683,88.8,451.6,19.66,8683,158.01,0.438,65.58,8683,281.39,0.6844,83.24
DK1,offshore,5 hours,all,year,2022,62.41,8728,92.97,494.65,18.8,8728,154.19,0.397,62.26,8728,270.02,0.6557,80.95
DK1,offshore,5 hours,all,year,2023,77.62,8748,106.14,457.5,23.2,8748,163.55,0.351,60.12,8748,269.09,0.6055,78.58
DK1,offshore,5 hours,all,year,2024,-33.45,8622,141.12,598.63,23.57,8622,203.52,0.3066,58.18,8622,342.0,0.5874,84.61
DK1,offshore,5 hours,all,year,2025,-66.79,8596,193.74,611.71,31.67,8596,246.17,0.213,58.86,8596,346.73,0.4412,75.36
DK1,offshore,5 hours,all,year,2026,-209.61,4286,265.29,763.84,34.73,4286,243.69,-0.0886,49.67,4286,420.98,0.3698,63.88
DK1,offshore,5 hours,all,quarter,Q1,-22.33,15078,140.57,675.35,20.81,15078,181.28,0.2246,56.21,15078,329.48,0.5733,78.25
DK1,offshore,5 hours,all,quarter,Q2,1.56,15079,131.4,433.33,30.32,15079,205.28,0.3599,66.17,15079,297.87,0.5588,79.03
DK1,offshore,5 hours,all,quarter,Q3,27.27,13153,114.66,421.23,27.22,13153,183.81,0.3762,64.79,13153,283.17,0.5951,81.3
DK1,offshore,5 hours,all,quarter,Q4,-2.5,14517,128.94,652.86,19.75,14511,186.05,0.3068,59.82,14052,333.15,0.6084,81.32
DK1,offshore,5 hours,common,period,all,1.83,35900,130.84,541.82,24.15,35900,193.9,0.3252,62.14,35623,307.48,0.5732,79.27
DK1,offshore,5 hours,common,year,2019,-7.28,892,83.49,687.82,12.14,892,188.22,0.5564,68.72,615,309.57,0.727,86.34
DK1,offshore,5 hours,common,year,2020,8.94,5439,92.05,555.81,16.56,5439,185.27,0.5032,70.38,5439,300.57,0.6938,83.89
DK1,offshore,5 hours,common,year,2021,49.93,5364,89.7,451.83,19.85,5364,157.51,0.4306,64.86,5364,284.69,0.6849,83.52
DK1,offshore,5 hours,common,year,2022,60.68,5427,92.65,490.52,18.89,5427,154.9,0.4018,62.26,5427,268.55,0.655,81.06
DK1,offshore,5 hours,common,year,2023,73.91,5452,105.24,453.43,23.21,5452,162.79,0.3535,60.38,5452,269.24,0.6091,78.8
DK1,offshore,5 hours,common,year,2024,-30.35,5359,144.51,584.21,24.74,5359,209.48,0.3102,58.91,5359,338.57,0.5732,83.19
DK1,offshore,5 hours,common,year,2025,-52.74,5302,203.97,589.32,34.61,5302,268.2,0.2395,60.94,5302,331.85,0.3854,72.07
DK1,offshore,5 hours,common,year,2026,-200.42,2665,265.83,751.11,35.39,2665,250.51,-0.0611,49.87,2665,413.46,0.3571,63.45
DK1,offshore,5 hours,common,quarter,Q1,-23.54,9410,140.18,673.44,20.82,9410,182.85,0.2334,56.88,9410,325.33,0.5691,77.96
DK1,offshore,5 hours,common,quarter,Q2,13.07,9367,138.62,406.75,34.08,9367,216.82,0.3606,66.21,9367,291.19,0.5239,77.06
DK1,offshore,5 hours,common,quarter,Q3,30.74,8189,118.25,407.3,29.03,8189,192.91,0.387,66.15,8189,276.72,0.5727,79.99
DK1,offshore,5 hours,common,quarter,Q4,-9.72,8934,124.38,668.13,18.62,8934,182.41,0.3181,59.74,8657,334.79,0.6244,82.42
DK1,offshore,1 hour,all,period,all,-14.37,57821,109.14,548.73,19.89,57819,92.87,-0.1753,46.5,57360,310.97,0.6478,82.15
DK1,offshore,1 hour,all,year,2019,-6.13,1444,64.14,687.58,9.33,1442,88.97,0.2785,57.14,983,308.05,0.7882,87.49
DK1,offshore,1 hour,all,year,2020,3.39,8720,74.52,551.45,13.51,8720,93.5,0.203,57.5,8720,306.58,0.7569,87.14
DK1,offshore,1 hour,all,year,2021,49.37,8683,79.41,451.85,17.57,8683,81.64,0.0274,49.73,8683,281.21,0.7176,85.14
DK1,offshore,1 hour,all,year,2022,58.4,8724,82.12,494.65,16.6,8724,78.81,-0.042,46.92,8724,269.42,0.6952,82.94
DK1,offshore,1 hour,all,year,2023,68.17,8746,90.15,457.29,19.71,8746,82.5,-0.0927,44.44,8746,268.35,0.6641,82.24
DK1,offshore,1 hour,all,year,2024,-62.07,8622,111.67,598.16,18.67,8622,95.64,-0.1676,44.91,8622,341.33,0.6728,84.81
DK1,offshore,1 hour,all,year,2025,-101.83,8596,157.81,611.69,25.8,8596,116.69,-0.3524,41.94,8596,346.36,0.5444,77.59
DK1,offshore,1 hour,all,year,2026,-227.62,4286,246.04,763.67,32.22,4286,112.04,-1.196,29.7,4286,420.41,0.4148,66.71
DK1,offshore,1 hour,all,quarter,Q1,-23.99,15076,119.04,675.33,17.63,15076,89.15,-0.3353,43.31,15076,329.07,0.6382,81.05
DK1,offshore,1 hour,all,quarter,Q2,-23.71,15079,112.85,433.06,26.06,15079,99.77,-0.1311,49.07,15079,297.21,0.6203,80.48
DK1,offshore,1 hour,all,quarter,Q3,4.11,13153,93.86,420.66,22.31,13153,93.82,-0.0004,49.82,13153,282.63,0.6679,83.26
DK1,offshore,1 hour,all,quarter,Q4,-11.44,14513,108.86,653.49,16.66,14511,88.7,-0.2274,44.13,14052,332.86,0.6683,84.09
DK1,offshore,1 hour,common,period,all,-13.86,35900,110.04,541.82,20.31,35900,95.33,-0.1543,46.8,35623,307.48,0.6409,81.74
DK1,offshore,1 hour,common,year,2019,-7.74,892,64.58,687.82,9.39,892,91.38,0.2933,57.62,615,309.57,0.7862,87.48
DK1,offshore,1 hour,common,year,2020,1.35,5439,71.54,555.81,12.87,5439,93.62,0.2359,58.26,5439,300.57,0.762,87.17
DK1,offshore,1 hour,common,year,2021,49.05,5364,79.73,451.83,17.65,5364,82.42,0.0326,49.5,5364,284.69,0.7199,85.55
DK1,offshore,1 hour,common,year,2022,57.93,5427,82.52,490.52,16.82,5427,79.5,-0.038,46.97,5427,268.55,0.6927,83.1
DK1,offshore,1 hour,common,year,2023,66.46,5452,90.06,453.43,19.86,5452,82.9,-0.0864,44.5,5452,269.24,0.6655,82.58
DK1,offshore,1 hour,common,year,2024,-60.61,5359,113.56,584.21,19.44,5359,98.21,-0.1563,45.62,5359,338.57,0.6646,84.06
DK1,offshore,1 hour,common,year,2025,-96.62,5302,164.53,589.32,27.92,5302,127.21,-0.2934,42.66,5302,331.85,0.5042,74.84
DK1,offshore,1 hour,common,year,2026,-225.39,2665,246.28,751.11,32.79,2665,114.56,-1.1498,29.27,2665,413.46,0.4043,66.27
DK1,offshore,1 hour,common,quarter,Q1,-24.56,9410,118.93,673.44,17.66,9410,89.65,-0.3265,43.42,9410,325.33,0.6344,80.71
DK1,offshore,1 hour,common,quarter,Q2,-20.1,9367,116.55,406.75,28.65,9367,105.18,-0.1081,49.31,9367,291.19,0.5997,79.39
DK1,offshore,1 hour,common,quarter,Q3,5.54,8189,96.87,407.3,23.78,8189,99.67,0.0281,50.76,8189,276.72,0.6499,81.88
DK1,offshore,1 hour,common,quarter,Q4,-13.82,8934,105.93,668.13,15.86,8934,87.01,-0.2175,44.08,8657,334.79,0.6793,85.28
DK2,offshore,day-ahead,all,period,all,-49.9,57882,139.19,333.39,41.75,57859,211.63,0.3421,64.04,57403,227.96,0.3856,68.57
DK2,offshore,day-ahead,all,year,2019,16.48,1440,44.48,150.79,29.5,1417,91.27,0.5115,66.34,961,100.57,0.5051,69.51
DK2,offshore,day-ahead,all,year,2020,-1.39,8736,39.65,145.1,27.33,8736,97.39,0.5928,73.01,8736,99.88,0.603,79.52
DK2,offshore,day-ahead,all,year,2021,-184.29,8682,190.98,313.08,61.0,8682,199.81,0.0442,56.02,8682,215.84,0.1152,55.52
DK2,offshore,day-ahead,all,year,2022,-257.06,8736,260.84,389.66,66.94,8736,220.45,-0.1832,47.24,8736,271.49,0.0392,44.64
DK2,offshore,day-ahead,all,year,2023,-29.43,8736,144.17,406.13,35.5,8736,253.14,0.4305,68.7,8736,270.76,0.4675,72.2
DK2,offshore,day-ahead,all,year,2024,55.93,8688,113.25,398.18,28.44,8688,249.19,0.5455,67.13,8688,263.1,0.5695,77.53
DK2,offshore,day-ahead,all,year,2025,60.88,8568,118.87,362.43,32.8,8568,254.73,0.5334,68.72,8568,250.77,0.526,76.66
DK2,offshore,day-ahead,all,year,2026,45.43,4296,104.18,367.29,28.36,4296,243.21,0.5717,70.34,4296,249.35,0.5822,79.47
DK2,offshore,day-ahead,all,quarter,Q1,-79.78,15120,144.76,411.8,35.15,15120,214.83,0.3262,62.15,15120,242.95,0.4042,70.89
DK2,offshore,day-ahead,all,quarter,Q2,-20.61,15114,118.2,270.56,43.69,15114,212.85,0.4447,68.13,15114,215.8,0.4523,71.13
DK2,offshore,day-ahead,all,quarter,Q3,-27.88,13176,139.98,260.58,53.72,13176,200.08,0.3004,63.24,13176,202.87,0.31,65.15
DK2,offshore,day-ahead,all,quarter,Q4,-69.33,14472,154.57,383.4,40.32,14449,217.52,0.2885,62.47,13993,248.54,0.3614,66.5
DK2,offshore,day-ahead,common,period,all,-49.15,35900,141.92,331.57,42.8,35885,232.02,0.3882,65.79,35608,227.78,0.3732,68.15
DK2,offshore,day-ahead,common,year,2019,16.19,892,47.71,154.27,30.92,877,96.32,0.5041,66.25,600,98.26,0.4651,66.83
DK2,offshore,day-ahead,common,year,2020,-2.48,5438,41.7,144.74,28.81,5438,105.42,0.6045,73.59,5438,100.31,0.5844,79.07
DK2,offshore,day-ahead,common,year,2021,-184.25,5366,191.34,313.37,61.06,5366,226.36,0.1547,60.04,5366,218.02,0.1224,56.21
DK2,offshore,day-ahead,common,year,2022,-255.51,5427,259.2,389.16,66.61,5427,241.06,-0.0753,49.86,5427,272.33,0.0482,45.35
DK2,offshore,day-ahead,common,year,2023,-32.39,5450,144.95,405.08,35.78,5450,271.81,0.4667,70.06,5450,269.75,0.4627,71.69
DK2,offshore,day-ahead,common,year,2024,53.52,5360,116.05,401.26,28.92,5360,275.9,0.5794,69.51,5360,267.15,0.5656,77.54
DK2,offshore,day-ahead,common,year,2025,66.28,5302,129.38,354.98,36.45,5302,281.94,0.5411,69.6,5302,249.19,0.4808,74.82
DK2,offshore,day-ahead,common,year,2026,55.58,2665,110.36,354.41,31.14,2665,259.07,0.574,69.98,2665,238.35,0.537,77.26
DK2,offshore,day-ahead,common,quarter,Q1,-79.05,9408,147.17,409.0,35.98,9408,238.49,0.3829,64.47,9408,242.13,0.3922,70.37
DK2,offshore,day-ahead,common,quarter,Q2,-14.34,9368,124.32,258.54,48.09,9368,230.96,0.4617,69.15,9368,212.57,0.4151,69.79
DK2,offshore,day-ahead,common,quarter,Q3,-27.35,8189,145.02,260.84,55.6,8189,219.93,0.3406,64.65,8189,206.12,0.2964,65.06
DK2,offshore,day-ahead,common,quarter,Q4,-74.13,8935,151.99,391.43,38.83,8920,237.42,0.359,64.72,8643,249.17,0.3745,66.89
DK2,offshore,intraday,all,period,all,-52.74,36222,130.62,331.74,39.38,36222,154.19,0.1528,56.99,35937,225.65,0.4176,70.58
DK2,offshore,intraday,all,year,2019,15.49,900,41.24,154.58,26.68,900,75.26,0.452,63.11,615,95.55,0.5088,69.27
DK2,offshore,intraday,all,year,2020,0.07,5460,34.68,144.46,24.01,5460,65.21,0.4682,64.01,5460,99.65,0.652,81.78
DK2,offshore,intraday,all,year,2021,-182.02,5427,186.52,313.46,59.5,5427,139.1,-0.3409,47.02,5427,217.31,0.1417,57.55
DK2,offshore,intraday,all,year,2022,-255.74,5460,258.63,388.49,66.57,5460,156.34,-0.6543,37.34,5460,268.26,0.0359,45.38
DK2,offshore,intraday,all,year,2023,-37.32,5460,129.91,405.49,32.04,5460,179.32,0.2756,62.62,5460,266.34,0.5122,74.14
DK2,offshore,intraday,all,year,2024,46.32,5445,97.23,403.42,24.1,5445,189.69,0.4874,62.85,5445,264.88,0.6329,81.45
DK2,offshore,intraday,all,year,2025,56.23,5385,110.82,353.46,31.35,5385,193.71,0.4279,63.32,5385,247.62,0.5524,77.92
DK2,offshore,intraday,all,year,2026,40.34,2685,91.3,354.6,25.75,2685,185.31,0.5073,64.69,2685,235.58,0.6124,81.75
DK2,offshore,intraday,all,quarter,Q1,-81.31,9450,135.74,409.35,33.16,9450,150.53,0.0982,55.42,9450,239.52,0.4333,72.76
DK2,offshore,intraday,all,quarter,Q2,-18.17,9432,113.6,260.04,43.68,9432,162.92,0.3027,62.54,9432,210.31,0.4599,72.38
DK2,offshore,intraday,all,quarter,Q3,-33.32,8250,134.27,260.44,51.56,8250,147.08,0.0871,54.48,8250,203.39,0.3398,67.79
DK2,offshore,intraday,all,quarter,Q4,-76.53,9090,139.66,390.17,35.8,9090,155.38,0.1012,55.13,8805,248.07,0.4226,68.94
DK2,offshore,intraday,common,period,all,-52.82,35900,130.81,331.57,39.45,35900,154.19,0.1517,56.95,35623,225.15,0.4155,70.52
DK2,offshore,intraday,common,year,2019,15.51,892,41.14,154.27,26.66,892,74.6,0.4486,62.78,615,95.55,0.5088,69.27
DK2,offshore,intraday,common,year,2020,0.08,5438,34.77,144.74,24.02,5438,65.32,0.4677,63.99,5438,99.27,0.6498,81.7
DK2,offshore,intraday,common,year,2021,-181.6,5366,186.14,313.37,59.4,5366,139.04,-0.3388,47.09,5366,216.48,0.1402,57.53
DK2,offshore,intraday,common,year,2022,-256.21,5427,259.1,389.16,66.58,5427,156.4,-0.6567,37.24,5427,267.89,0.0328,45.26
DK2,offshore,intraday,common,year,2023,-37.21,5450,129.95,405.08,32.08,5450,179.15,0.2746,62.61,5450,266.19,0.5118,74.13
DK2,offshore,intraday,common,year,2024,46.51,5360,97.31,401.26,24.25,5360,190.82,0.49,62.91,5360,264.68,0.6323,81.55
DK2,offshore,intraday,common,year,2025,56.49,5302,111.57,354.98,31.43,5302,193.36,0.423,63.24,5302,246.8,0.548,77.71
DK2,offshore,intraday,common,year,2026,40.66,2665,91.53,354.41,25.82,2665,185.61,0.5069,64.54,2665,235.84,0.6119,81.69
DK2,offshore,intraday,common,quarter,Q1,-81.35,9408,135.94,409.0,33.24,9408,150.94,0.0994,55.46,9408,239.24,0.4318,72.7
DK2,offshore,intraday,common,quarter,Q2,-18.16,9368,113.97,258.54,44.08,9368,162.47,0.2985,62.36,9368,210.08,0.4575,72.25
DK2,offshore,intraday,common,quarter,Q3,-34.16,8189,134.28,260.84,51.48,8189,147.24,0.088,54.55,8189,203.82,0.3412,67.86
DK2,offshore,intraday,common,quarter,Q4,-76.22,8935,139.86,391.43,35.73,8935,155.31,0.0995,55.04,8658,246.31,0.4177,68.78
DK2,offshore,5 hours,all,period,all,-55.11,57830,128.96,332.97,38.73,57824,132.17,0.0242,55.07,57364,226.46,0.4269,71.0
DK2,offshore,5 hours,all,year,2019,16.23,1445,37.5,151.17,24.81,1439,62.21,0.3956,62.54,979,98.68,0.5693,73.65
DK2,offshore,5 hours,all,year,2020,0.78,8722,31.45,144.54,21.76,8722,58.31,0.4606,66.54,8722,99.34,0.6834,83.46
DK2,offshore,5 hours,all,year,2021,-182.23,8684,187.24,312.02,60.01,8684,120.82,-0.5498,43.46,8684,215.14,0.1297,56.25
DK2,offshore,5 hours,all,year,2022,-256.74,8728,259.53,388.59,66.79,8728,129.39,-1.0058,33.97,8728,268.54,0.0335,44.6
DK2,offshore,5 hours,all,year,2023,-36.84,8747,130.48,406.15,32.13,8747,155.09,0.1587,60.59,8747,268.04,0.5132,74.73
DK2,offshore,5 hours,all,year,2024,44.75,8623,95.59,399.46,23.93,8623,162.34,0.4111,60.0,8623,262.56,0.6359,81.43
DK2,offshore,5 hours,all,year,2025,47.51,8595,103.57,361.09,28.68,8595,167.74,0.3826,60.45,8595,249.55,0.585,79.58
DK2,offshore,5 hours,all,year,2026,31.3,4286,89.12,367.41,24.26,4286,155.78,0.4279,63.67,4286,247.77,0.6403,82.83
DK2,offshore,5 hours,all,quarter,Q1,-82.31,15080,134.23,410.95,32.66,15080,123.76,-0.0846,52.39,15080,240.87,0.4427,73.46
DK2,offshore,5 hours,all,quarter,Q2,-27.12,15080,110.3,270.41,40.79,15080,140.27,0.2137,60.43,15080,214.24,0.4852,73.05
DK2,offshore,5 hours,all,quarter,Q3,-37.21,13153,129.84,260.75,49.8,13153,133.01,0.0238,54.88,13153,201.43,0.3554,67.8
DK2,offshore,5 hours,all,quarter,Q4,-72.15,14517,142.06,382.39,37.15,14511,131.72,-0.0789,52.44,14051,247.53,0.4107,69.14
DK2,offshore,5 hours,common,period,all,-56.0,35900,130.08,331.57,39.23,35900,134.18,0.0305,54.64,35623,225.15,0.4187,70.96
DK2,offshore,5 hours,common,year,2019,15.6,892,38.7,154.27,25.09,892,63.61,0.3916,62.78,615,95.55,0.5377,71.38
DK2,offshore,5 hours,common,year,2020,0.32,5438,32.08,144.74,22.17,5438,58.18,0.4485,65.72,5438,99.27,0.6768,83.43
DK2,offshore,5 hours,common,year,2021,-181.92,5366,186.9,313.37,59.64,5366,122.51,-0.5257,43.01,5366,216.48,0.1366,57.32
DK2,offshore,5 hours,common,year,2022,-256.52,5427,259.16,389.16,66.59,5427,128.7,-1.0137,33.78,5427,267.89,0.0326,44.91
DK2,offshore,5 hours,common,year,2023,-40.65,5450,128.6,405.08,31.75,5450,153.28,0.161,60.11,5450,266.19,0.5169,74.81
DK2,offshore,5 hours,common,year,2024,39.83,5360,95.93,401.26,23.91,5360,167.6,0.4277,60.56,5360,264.68,0.6376,81.85
DK2,offshore,5 hours,common,year,2025,48.62,5302,111.51,354.98,31.41,5302,176.76,0.3691,59.64,5302,246.8,0.5482,78.25
DK2,offshore,5 hours,common,year,2026,34.67,2665,92.05,354.41,25.97,2665,156.5,0.4118,62.1,2665,235.84,0.6097,81.61
DK2,offshore,5 hours,common,quarter,Q1,-82.33,9408,134.17,409.0,32.8,9408,125.05,-0.0729,52.23,9408,239.24,0.4392,73.55
DK2,offshore,5 hours,common,quarter,Q2,-23.39,9368,114.86,258.54,44.43,9368,145.26,0.2093,59.85,9368,210.08,0.4533,72.44
DK2,offshore,5 hours,common,quarter,Q3,-39.18,8189,133.22,260.84,51.07,8189,135.19,0.0146,54.02,8189,203.82,0.3464,68.02
DK2,offshore,5 hours,common,quarter,Q4,-77.9,8935,138.87,391.43,35.48,8935,131.23,-0.0582,52.26,8658,246.31,0.4216,69.31
DK2,offshore,1 hour,all,period,all,-67.71,57823,110.24,332.88,33.12,57821,63.36,-0.74,44.65,57361,226.03,0.5091,74.17
DK2,offshore,1 hour,all,year,2019,9.04,1445,26.64,151.66,17.56,1443,30.21,0.1171,51.91,983,98.73,0.7073,82.1
DK2,offshore,1 hour,all,year,2020,-0.12,8721,24.91,144.42,17.25,8721,31.4,0.2066,55.17,8721,99.19,0.7488,85.87
DK2,offshore,1 hour,all,year,2021,-182.19,8684,185.97,312.33,59.54,8684,58.08,-2.2018,26.22,8684,214.98,0.135,56.32
DK2,offshore,1 hour,all,year,2022,-256.7,8724,258.41,388.46,66.52,8724,63.16,-3.0913,18.71,8724,267.98,0.0357,45.09
DK2,offshore,1 hour,all,year,2023,-49.11,8745,107.74,405.91,26.54,8745,73.34,-0.4691,50.35,8745,267.47,0.5972,78.38
DK2,offshore,1 hour,all,year,2024,16.87,8623,59.42,399.09,14.89,8623,75.12,0.209,54.4,8623,262.0,0.7732,87.35
DK2,offshore,1 hour,all,year,2025,16.0,8595,65.33,361.0,18.1,8595,81.16,0.195,55.72,8595,248.95,0.7376,84.82
DK2,offshore,1 hour,all,year,2026,9.5,4286,54.49,367.33,14.84,4286,70.95,0.2319,57.49,4286,247.47,0.7798,87.45
DK2,offshore,1 hour,all,quarter,Q1,-86.54,15077,118.0,410.92,28.72,15077,58.05,-1.0327,43.21,15077,240.54,0.5094,75.41
DK2,offshore,1 hour,all,quarter,Q2,-43.22,15080,91.89,270.21,34.01,15080,67.79,-0.3554,48.61,15080,213.66,0.57,76.19
DK2,offshore,1 hour,all,quarter,Q3,-57.78,13153,108.86,260.71,41.75,13153,67.25,-0.6187,44.08,13153,201.06,0.4586,72.52
DK2,offshore,1 hour,all,quarter,Q4,-82.61,14513,122.52,382.33,32.05,14511,60.75,-1.0171,42.54,14051,247.11,0.4908,72.23
DK2,offshore,1 hour,common,period,all,-68.36,35900,111.06,331.57,33.5,35900,64.75,-0.7151,44.56,35623,225.15,0.5037,74.02
DK2,offshore,1 hour,common,year,2019,8.53,892,27.41,154.27,17.76,892,32.25,0.1503,53.59,615,95.55,0.687,80.49
DK2,offshore,1 hour,common,year,2020,-0.24,5438,25.58,144.74,17.67,5438,32.24,0.2065,54.69,5438,99.27,0.7423,85.9
DK2,offshore,1 hour,common,year,2021,-181.02,5366,184.83,313.37,58.98,5366,59.34,-2.1145,26.65,5366,216.48,0.1462,57.36
DK2,offshore,1 hour,common,year,2022,-256.29,5427,257.93,389.16,66.28,5427,63.4,-3.0682,18.83,5427,267.89,0.0372,45.51
DK2,offshore,1 hour,common,year,2023,-50.03,5450,106.9,405.08,26.39,5450,73.2,-0.4603,50.97,5450,266.19,0.5984,78.53
DK2,offshore,1 hour,common,year,2024,13.73,5360,60.32,401.26,15.03,5360,76.7,0.2135,54.1,5360,264.68,0.7721,87.24
DK2,offshore,1 hour,common,year,2025,14.67,5302,70.68,354.98,19.91,5302,85.85,0.1766,54.96,5302,246.8,0.7136,82.86
DK2,offshore,1 hour,common,year,2026,8.65,2665,56.77,354.41,16.02,2665,72.35,0.2154,56.32,2665,235.84,0.7593,86.49
DK2,offshore,1 hour,common,quarter,Q1,-86.88,9408,118.58,409.0,28.99,9408,59.43,-0.9952,43.47,9408,239.24,0.5044,75.27
DK2,offshore,1 hour,common,quarter,Q2,-42.36,9368,94.29,258.54,36.47,9368,70.92,-0.3296,47.73,9368,210.08,0.5512,75.64
DK2,offshore,1 hour,common,quarter,Q3,-59.46,8189,110.76,260.84,42.46,8189,68.23,-0.6233,43.78,8189,203.82,0.4566,72.8
DK2,offshore,1 hour,common,quarter,Q4,-84.28,8935,121.0,391.43,30.91,8935,60.7,-0.9933,43.1,8658,246.31,0.4959,72.06
