area,type,horizon,hours_set,split,split_key,recent_hours,recent_mae_mw,bias_mw,persistence_skill,hours,mae_mw,persistence_won_pct,recent_skill,mean_outcome_mw,nmae_pct,persistence_hours,persistence_mae_mw,recent_won_pct
DK1,offshore,day-ahead,all,period,all,57403,359.9,-71.56,0.5043,57882,167.55,70.64,0.5331,628.22,26.67,57859,338.06,78.44
DK1,offshore,day-ahead,all,year,2019,961,334.11,-43.99,0.6341,1440,121.67,74.95,0.6182,727.46,16.72,1417,333.91,82.93
DK1,offshore,day-ahead,all,year,2020,8736,325.56,-16.78,0.5954,8736,120.1,74.58,0.6311,590.17,20.35,8736,296.81,82.3
DK1,offshore,day-ahead,all,year,2021,8682,336.57,-40.13,0.6253,8682,117.52,74.9,0.6508,542.97,21.64,8682,313.63,84.22
DK1,offshore,day-ahead,all,year,2022,8736,331.89,-34.97,0.6119,8736,112.84,75.3,0.66,597.06,18.9,8736,290.73,83.84
DK1,offshore,day-ahead,all,year,2023,8736,336.21,-17.73,0.6,8736,126.85,72.33,0.6227,559.36,22.68,8736,317.07,84.12
DK1,offshore,day-ahead,all,year,2024,8688,402.4,-120.36,0.4119,8688,221.14,64.41,0.4504,695.92,31.78,8688,376.04,75.63
DK1,offshore,day-ahead,all,year,2025,8568,390.5,-125.16,0.3776,8568,250.79,66.56,0.3578,686.05,36.56,8568,402.91,68.18
DK1,offshore,day-ahead,all,year,2026,4296,440.81,-233.96,0.2596,4296,300.18,60.36,0.319,795.81,37.72,4296,405.43,61.45
DK1,offshore,day-ahead,all,quarter,Q1,15120,384.28,-119.53,0.4473,15120,192.49,65.95,0.4991,774.54,24.85,15120,348.29,73.99
DK1,offshore,day-ahead,all,quarter,Q2,15114,341.96,-47.23,0.5295,15114,154.97,74.15,0.5468,494.0,31.37,15114,329.39,79.36
DK1,offshore,day-ahead,all,quarter,Q3,13176,327.34,-26.49,0.539,13176,144.1,73.47,0.5598,485.03,29.71,13176,312.57,81.75
DK1,offshore,day-ahead,all,quarter,Q4,13993,383.58,-87.88,0.5103,14472,175.99,69.28,0.5353,745.91,23.59,14449,359.67,79.13
DK1,offshore,day-ahead,common,period,all,35608,357.26,-66.93,0.533,35900,171.49,72.48,0.5186,620.3,27.65,35885,367.25,77.53
DK1,offshore,day-ahead,common,year,2019,600,339.36,-47.6,0.6298,892,129.51,74.91,0.5908,732.66,17.68,877,350.81,83.0
DK1,offshore,day-ahead,common,year,2020,5439,320.46,-20.4,0.614,5439,122.8,75.95,0.6168,593.46,20.69,5439,318.14,81.34
DK1,offshore,day-ahead,common,year,2021,5364,343.27,-40.86,0.6407,5364,123.04,75.62,0.6416,542.55,22.68,5364,342.42,84.49
DK1,offshore,day-ahead,common,year,2022,5427,332.07,-38.07,0.6348,5427,114.46,77.04,0.6553,592.74,19.31,5427,313.41,83.14
DK1,offshore,day-ahead,common,year,2023,5452,335.79,-19.03,0.6193,5452,132.9,74.36,0.6042,554.65,23.96,5452,349.13,83.31
DK1,offshore,day-ahead,common,year,2024,5359,400.99,-111.46,0.4537,5359,225.01,67.27,0.4389,682.44,32.97,5359,411.88,74.92
DK1,offshore,day-ahead,common,year,2025,5302,375.85,-100.64,0.4147,5302,256.52,68.96,0.3175,658.83,38.94,5302,438.27,64.9
DK1,offshore,day-ahead,common,year,2026,2665,434.84,-221.05,0.3144,2665,300.65,62.59,0.3086,782.8,38.41,2665,438.55,61.69
DK1,offshore,day-ahead,common,quarter,Q1,9410,381.22,-119.01,0.4872,9410,194.4,68.25,0.4901,771.28,25.2,9410,379.06,72.98
DK1,offshore,day-ahead,common,quarter,Q2,9367,334.77,-27.41,0.5486,9367,161.63,75.54,0.5172,464.73,34.78,9367,358.05,77.95
DK1,offshore,day-ahead,common,quarter,Q3,8189,320.77,-19.89,0.5606,8189,149.54,75.32,0.5338,470.26,31.8,8189,340.3,79.86
DK1,offshore,day-ahead,common,quarter,Q4,8642,390.11,-96.65,0.5428,8934,177.8,71.11,0.5384,761.93,23.34,8919,389.19,79.83
DK1,offshore,intraday,all,period,all,35937,354.16,-71.6,0.3564,36222,155.54,63.71,0.5594,619.98,25.09,36222,241.67,79.29
DK1,offshore,intraday,all,year,2019,615,331.38,-51.54,0.5732,900,108.21,67.22,0.6497,731.18,14.8,900,253.57,84.07
DK1,offshore,intraday,all,year,2020,5460,318.53,-23.86,0.5281,5460,104.36,68.72,0.6724,592.78,17.6,5460,221.13,84.21
DK1,offshore,intraday,all,year,2021,5427,340.58,-39.91,0.4988,5427,104.62,69.45,0.6928,541.12,19.33,5427,208.74,86.57
DK1,offshore,intraday,all,year,2022,5460,327.73,-40.33,0.5102,5460,100.76,67.49,0.6926,591.96,17.02,5460,205.73,85.53
DK1,offshore,intraday,all,year,2023,5460,332.02,-21.67,0.4877,5460,114.46,66.83,0.6553,555.42,20.61,5460,223.44,85.07
DK1,offshore,intraday,all,year,2024,5445,397.48,-123.13,0.2075,5445,212.8,55.48,0.4646,685.85,31.03,5445,268.51,75.57
DK1,offshore,intraday,all,year,2025,5385,374.64,-108.32,0.204,5385,240.34,59.72,0.3585,655.3,36.68,5385,301.93,66.91
DK1,offshore,intraday,all,year,2026,2685,429.14,-226.39,-0.0224,2685,287.19,51.4,0.3308,781.29,36.76,2685,280.91,61.45
DK1,offshore,intraday,all,quarter,Q1,9450,377.75,-119.0,0.2589,9450,175.59,57.39,0.5352,771.58,22.76,9450,236.92,75.29
DK1,offshore,intraday,all,quarter,Q2,9432,330.8,-36.97,0.4063,9432,148.98,68.46,0.5496,466.42,31.94,9432,250.95,78.29
DK1,offshore,intraday,all,quarter,Q3,8250,317.73,-24.3,0.425,8250,134.36,68.38,0.5771,469.73,28.6,8250,233.65,81.72
DK1,offshore,intraday,all,quarter,Q4,8805,388.0,-101.18,0.3419,9090,160.74,61.12,0.5799,758.09,21.2,9090,244.26,82.4
DK1,offshore,intraday,common,period,all,35623,353.44,-71.33,0.3568,35900,155.53,63.77,0.5586,620.3,25.07,35900,241.81,79.25
DK1,offshore,intraday,common,year,2019,615,331.38,-51.89,0.5701,892,108.74,66.93,0.6497,732.66,14.84,892,252.91,84.07
DK1,offshore,intraday,common,year,2020,5439,318.04,-23.61,0.5273,5439,104.27,68.67,0.6721,593.46,17.57,5439,220.58,84.23
DK1,offshore,intraday,common,year,2021,5364,340.38,-39.91,0.4988,5364,104.85,69.5,0.692,542.55,19.33,5364,209.2,86.6
DK1,offshore,intraday,common,year,2022,5427,326.93,-40.42,0.5064,5427,100.99,67.42,0.6911,592.74,17.04,5427,204.58,85.46
DK1,offshore,intraday,common,year,2023,5452,331.81,-21.38,0.4881,5452,114.3,66.89,0.6555,554.65,20.61,5452,223.29,85.09
DK1,offshore,intraday,common,year,2024,5359,396.83,-121.77,0.2141,5359,211.83,55.74,0.4662,682.44,31.04,5359,269.53,75.52
DK1,offshore,intraday,common,year,2025,5302,372.36,-109.16,0.2046,5302,241.97,59.9,0.3502,658.83,36.73,5302,304.22,66.48
DK1,offshore,intraday,common,year,2026,2665,430.45,-226.87,-0.0256,2665,288.1,51.22,0.3307,782.8,36.8,2665,280.91,61.46
DK1,offshore,intraday,common,quarter,Q1,9410,377.29,-118.46,0.26,9410,175.16,57.44,0.5357,771.28,22.71,9410,236.68,75.24
DK1,offshore,intraday,common,quarter,Q2,9367,331.06,-36.36,0.4076,9367,148.79,68.54,0.5506,464.73,32.02,9367,251.16,78.37
DK1,offshore,intraday,common,quarter,Q3,8189,317.65,-24.23,0.425,8189,134.39,68.45,0.5769,470.26,28.58,8189,233.7,81.68
DK1,offshore,intraday,common,quarter,Q4,8657,385.6,-101.5,0.3412,8934,161.32,61.16,0.5759,761.93,21.17,8934,244.86,82.25
DK1,offshore,5 hours,all,period,all,57362,358.03,-78.49,0.276,57827,154.94,62.25,0.5658,627.45,24.69,57821,214.02,79.67
DK1,offshore,5 hours,all,year,2019,979,329.32,-48.24,0.4847,1444,102.99,63.98,0.6738,729.94,14.11,1438,200.27,83.55
DK1,offshore,5 hours,all,year,2020,8720,324.43,-23.51,0.4552,8720,105.19,68.72,0.6758,588.55,17.87,8720,193.06,84.48
DK1,offshore,5 hours,all,year,2021,8683,335.92,-38.98,0.45,8683,101.73,68.5,0.6971,540.8,18.81,8683,184.97,86.51
DK1,offshore,5 hours,all,year,2022,8728,329.07,-38.81,0.4443,8728,102.24,66.49,0.6893,595.86,17.16,8728,183.99,85.2
DK1,offshore,5 hours,all,year,2023,8748,332.91,-24.06,0.4375,8748,109.63,65.89,0.6707,559.18,19.61,8748,194.89,86.1
DK1,offshore,5 hours,all,year,2024,8622,400.72,-133.31,0.1099,8622,211.85,53.68,0.4713,698.49,30.33,8622,238.01,76.17
DK1,offshore,5 hours,all,year,2025,8596,389.95,-138.76,0.1169,8596,242.18,56.53,0.3789,683.68,35.42,8596,274.23,68.04
DK1,offshore,5 hours,all,year,2026,4286,438.12,-241.35,-0.1613,4286,291.84,48.53,0.3339,795.58,36.68,4286,251.3,61.06
DK1,offshore,5 hours,all,quarter,Q1,15078,381.48,-119.99,0.1465,15078,176.06,55.73,0.5385,773.01,22.78,15078,206.29,75.58
DK1,offshore,5 hours,all,quarter,Q2,15079,339.61,-59.03,0.3552,15079,147.16,67.62,0.5667,493.92,29.79,15079,228.22,79.59
DK1,offshore,5 hours,all,quarter,Q3,13153,325.62,-36.41,0.3649,13153,132.35,66.39,0.5935,484.92,27.29,13153,208.39,83.0
DK1,offshore,5 hours,all,quarter,Q4,14052,382.98,-93.74,0.2391,14517,161.57,59.69,0.5723,744.1,21.71,14511,212.4,81.01
DK1,offshore,5 hours,common,period,all,35623,353.44,-76.65,0.2874,35900,156.19,62.76,0.5566,620.3,25.18,35900,219.19,78.9
DK1,offshore,5 hours,common,year,2019,615,331.38,-52.12,0.4711,892,104.65,62.89,0.6631,732.66,14.28,892,197.86,83.9
DK1,offshore,5 hours,common,year,2020,5439,318.04,-28.72,0.4703,5439,102.64,68.89,0.6773,593.46,17.3,5439,193.79,84.23
DK1,offshore,5 hours,common,year,2021,5364,340.38,-40.79,0.438,5364,103.26,68.01,0.6966,542.55,19.03,5364,183.73,87.14
DK1,offshore,5 hours,common,year,2022,5427,326.93,-41.54,0.4578,5427,100.72,67.13,0.6919,592.74,16.99,5427,185.76,84.91
DK1,offshore,5 hours,common,year,2023,5452,331.81,-27.31,0.4291,5452,111.05,65.21,0.6653,554.65,20.02,5452,194.5,85.91
DK1,offshore,5 hours,common,year,2024,5359,396.83,-128.58,0.1255,5359,214.33,54.95,0.4599,682.44,31.41,5359,245.09,75.37
DK1,offshore,5 hours,common,year,2025,5302,372.36,-122.25,0.1649,5302,249.41,59.11,0.3302,658.83,37.86,5302,298.64,63.96
DK1,offshore,5 hours,common,year,2026,2665,430.45,-232.12,-0.1326,2665,292.25,48.67,0.3211,782.8,37.33,2665,258.05,60.6
DK1,offshore,5 hours,common,quarter,Q1,9410,377.29,-121.38,0.1591,9410,175.08,56.06,0.536,771.28,22.7,9410,208.21,74.98
DK1,offshore,5 hours,common,quarter,Q2,9367,331.06,-44.91,0.3703,9367,151.77,68.85,0.5416,464.73,32.66,9367,241.0,77.85
DK1,offshore,5 hours,common,quarter,Q3,8189,317.65,-32.22,0.3801,8189,135.48,67.41,0.5735,470.26,28.81,8189,218.54,81.44
DK1,offshore,5 hours,common,quarter,Q4,8657,385.6,-103.51,0.2329,8934,159.93,59.17,0.5794,761.93,20.99,8934,208.5,81.91
DK1,offshore,1 hour,all,period,all,57360,357.45,-92.98,-0.3041,57821,134.4,45.91,0.6227,627.34,21.42,57819,103.07,81.91
DK1,offshore,1 hour,all,year,2019,983,329.58,-50.59,0.0686,1444,86.16,49.51,0.7234,732.03,11.77,1442,92.6,87.49
DK1,offshore,1 hour,all,year,2020,8720,324.03,-33.43,0.1023,8720,86.73,53.83,0.7323,588.27,14.74,8720,96.61,86.81
DK1,offshore,1 hour,all,year,2021,8683,335.69,-39.85,0.0952,8683,84.04,53.45,0.7496,541.08,15.53,8683,92.88,88.31
DK1,offshore,1 hour,all,year,2022,8724,328.36,-42.78,0.0783,8724,84.45,51.78,0.7428,595.83,14.17,8724,91.62,87.84
DK1,offshore,1 hour,all,year,2023,8746,331.91,-33.43,0.0763,8746,87.96,52.21,0.735,558.89,15.74,8746,95.23,88.43
DK1,offshore,1 hour,all,year,2024,8622,399.88,-161.8,-0.7365,8622,190.63,35.79,0.5233,697.89,27.31,8622,109.78,76.55
DK1,offshore,1 hour,all,year,2025,8596,389.53,-173.74,-0.656,8596,213.2,36.49,0.4527,683.6,31.19,8596,128.74,72.28
DK1,offshore,1 hour,all,year,2026,4286,437.53,-259.34,-1.3993,4286,275.01,27.74,0.3714,795.39,34.58,4286,114.62,62.39
DK1,offshore,1 hour,all,quarter,Q1,15076,380.95,-121.64,-0.5414,15076,153.17,41.21,0.5979,772.98,19.82,15076,99.37,78.88
DK1,offshore,1 hour,all,quarter,Q2,15079,338.79,-84.19,-0.1886,15079,129.82,49.21,0.6168,493.53,26.3,15079,109.23,81.01
DK1,offshore,1 hour,all,quarter,Q3,13153,324.99,-59.48,-0.0672,13153,111.34,50.11,0.6574,484.26,22.99,13153,104.33,84.18
DK1,offshore,1 hour,all,quarter,Q4,14052,382.64,-102.71,-0.415,14513,140.57,43.55,0.6271,744.76,18.87,14511,99.35,84.0
DK1,offshore,1 hour,common,period,all,35623,353.44,-92.34,-0.2749,35900,134.79,46.25,0.6173,620.3,21.73,35900,105.73,81.5
DK1,offshore,1 hour,common,year,2019,615,331.38,-52.58,0.079,892,87.45,49.66,0.7154,732.66,11.94,892,94.95,87.32
DK1,offshore,1 hour,common,year,2020,5439,318.04,-36.31,0.1299,5439,84.17,54.48,0.7354,593.46,14.18,5439,96.73,86.76
DK1,offshore,1 hour,common,year,2021,5364,340.38,-41.67,0.0966,5364,84.68,53.26,0.7512,542.55,15.61,5364,93.73,88.96
DK1,offshore,1 hour,common,year,2022,5427,326.93,-44.29,0.0929,5427,83.89,52.42,0.7434,592.74,14.15,5427,92.48,87.84
DK1,offshore,1 hour,common,year,2023,5452,331.81,-34.76,0.0615,5452,89.7,51.91,0.7297,554.65,16.17,5452,95.58,87.73
DK1,offshore,1 hour,common,year,2024,5359,396.83,-158.84,-0.7033,5359,191.23,36.44,0.5181,682.44,28.02,5359,112.27,76.17
DK1,offshore,1 hour,common,year,2025,5302,372.36,-166.13,-0.5385,5302,216.17,37.59,0.4195,658.83,32.81,5302,140.51,70.12
DK1,offshore,1 hour,common,year,2026,2665,430.45,-257.08,-1.3489,2665,275.33,26.98,0.3604,782.8,35.17,2665,117.21,62.14
DK1,offshore,1 hour,common,quarter,Q1,9410,377.29,-122.41,-0.5257,9410,152.57,41.23,0.5956,771.28,19.78,9410,100.0,78.71
DK1,offshore,1 hour,common,quarter,Q2,9367,331.06,-78.08,-0.1388,9367,131.07,49.91,0.6041,464.73,28.2,9367,115.1,80.11
DK1,offshore,1 hour,common,quarter,Q3,8189,317.65,-57.42,-0.0249,8189,113.51,51.3,0.6427,470.26,24.14,8189,110.76,82.92
DK1,offshore,1 hour,common,quarter,Q4,8657,385.6,-107.62,-0.4332,8934,139.47,43.06,0.6327,761.93,18.3,8934,97.32,84.71
DK1,onshore,day-ahead,all,period,all,57385,636.89,-30.13,0.6918,57864,195.21,80.94,0.6927,957.68,20.38,57841,633.36,84.16
DK1,onshore,day-ahead,all,year,2019,961,674.65,24.3,0.7559,1440,144.66,81.09,0.7761,960.37,15.06,1417,585.78,89.7
DK1,onshore,day-ahead,all,year,2020,8736,550.54,107.82,0.6348,8736,204.26,77.39,0.629,893.18,22.87,8736,559.38,79.46
DK1,onshore,day-ahead,all,year,2021,8640,533.54,72.89,0.6683,8640,186.91,79.76,0.6497,804.2,23.24,8640,563.42,80.9
DK1,onshore,day-ahead,all,year,2022,8736,640.28,22.71,0.7183,8736,178.15,82.88,0.7218,995.36,17.9,8736,632.33,84.36
DK1,onshore,day-ahead,all,year,2023,8760,724.34,-80.45,0.7209,8760,196.38,83.15,0.7289,1043.04,18.83,8760,703.64,87.71
DK1,onshore,day-ahead,all,year,2024,8664,708.67,-139.3,0.7005,8664,212.98,81.42,0.6995,1034.32,20.59,8664,711.16,86.22
DK1,onshore,day-ahead,all,year,2025,8544,625.04,-120.13,0.6973,8544,194.44,81.95,0.6889,948.98,20.49,8544,642.29,84.46
DK1,onshore,day-ahead,all,year,2026,4344,704.69,-140.53,0.6663,4344,208.32,79.03,0.7044,1008.04,20.67,4344,624.31,86.67
DK1,onshore,day-ahead,all,quarter,Q1,15072,774.8,-73.86,0.6619,15072,246.79,79.01,0.6815,1235.02,19.98,15072,730.03,83.19
DK1,onshore,day-ahead,all,quarter,Q2,15144,554.47,-12.51,0.7165,15144,168.16,83.12,0.6967,773.17,21.75,15144,593.11,84.26
DK1,onshore,day-ahead,all,quarter,Q3,13176,519.04,10.27,0.7301,13176,144.61,82.23,0.7214,728.05,19.86,13176,535.72,85.76
DK1,onshore,day-ahead,all,quarter,Q4,13993,688.5,-39.8,0.6748,14472,215.88,79.48,0.6823,1070.96,20.16,14449,663.73,83.61
DK1,onshore,day-ahead,common,period,all,35478,666.47,-51.87,0.6935,35770,211.46,80.77,0.6819,993.36,21.29,35755,689.76,84.0
DK1,onshore,day-ahead,common,year,2019,600,683.92,18.46,0.7619,892,153.23,79.82,0.7707,972.9,15.75,877,634.63,88.5
DK1,onshore,day-ahead,common,year,2020,5399,574.43,95.03,0.6438,5399,213.6,77.24,0.6281,932.58,22.9,5399,599.61,79.68
DK1,onshore,day-ahead,common,year,2021,5286,573.59,59.94,0.6733,5286,195.86,79.21,0.6585,847.85,23.1,5286,599.43,82.41
DK1,onshore,day-ahead,common,year,2022,5414,680.77,-3.07,0.7195,5414,189.57,83.14,0.7215,1039.12,18.24,5414,675.92,84.61
DK1,onshore,day-ahead,common,year,2023,5462,758.56,-112.28,0.7186,5462,218.31,83.28,0.7122,1088.54,20.05,5462,775.84,87.9
DK1,onshore,day-ahead,common,year,2024,5335,737.53,-167.02,0.6967,5335,238.43,80.94,0.6767,1057.26,22.55,5335,786.19,84.48
DK1,onshore,day-ahead,common,year,2025,5275,641.99,-140.07,0.6964,5275,215.99,82.03,0.6636,972.94,22.2,5275,711.45,83.36
DK1,onshore,day-ahead,common,year,2026,2707,720.86,-163.33,0.6721,2707,224.78,78.54,0.6882,1035.74,21.7,2707,685.49,85.93
DK1,onshore,day-ahead,common,quarter,Q1,9317,790.88,-98.59,0.6696,9317,264.38,79.24,0.6657,1249.7,21.16,9317,800.15,82.63
DK1,onshore,day-ahead,common,quarter,Q2,9372,589.84,-35.21,0.7079,9372,185.39,82.06,0.6857,826.93,22.42,9372,634.78,84.12
DK1,onshore,day-ahead,common,quarter,Q3,8154,565.25,-11.07,0.7228,8154,159.16,81.85,0.7184,782.25,20.35,8154,574.27,86.06
DK1,onshore,day-ahead,common,quarter,Q4,8635,711.01,-57.89,0.6866,8927,231.35,80.0,0.6705,1093.38,21.16,8912,737.85,83.39
DK1,onshore,intraday,all,period,all,35985,658.74,2.26,0.5844,36270,170.96,74.11,0.7397,990.09,17.27,36270,411.3,86.43
DK1,onshore,intraday,all,year,2019,615,663.12,53.43,0.7072,900,122.36,79.56,0.8054,968.61,12.63,900,417.95,87.97
DK1,onshore,intraday,all,year,2020,5460,569.0,115.03,0.4786,5460,195.28,67.84,0.6568,930.13,20.99,5460,374.54,81.26
DK1,onshore,intraday,all,year,2021,5445,570.63,74.87,0.5185,5445,172.46,71.5,0.6978,840.48,20.52,5445,358.2,84.37
DK1,onshore,intraday,all,year,2022,5445,670.54,43.54,0.6001,5445,167.7,73.94,0.7499,1036.64,16.18,5445,419.38,85.49
DK1,onshore,intraday,all,year,2023,5475,749.4,-30.07,0.6495,5475,161.64,76.66,0.7843,1089.26,14.84,5475,461.13,90.19
DK1,onshore,intraday,all,year,2024,5445,731.68,-77.27,0.6265,5445,169.15,78.6,0.7688,1062.09,15.93,5445,452.85,89.13
DK1,onshore,intraday,all,year,2025,5385,636.01,-70.15,0.5976,5385,162.09,75.51,0.7451,962.18,16.85,5385,402.83,87.22
DK1,onshore,intraday,all,year,2026,2715,707.22,-101.56,0.5529,2715,181.67,73.55,0.7431,1035.44,17.55,2715,406.34,87.96
DK1,onshore,intraday,all,quarter,Q1,9435,781.57,-19.53,0.5643,9435,206.73,72.41,0.7355,1245.55,16.6,9435,474.44,85.73
DK1,onshore,intraday,all,quarter,Q2,9480,582.45,-10.25,0.6003,9480,151.25,76.5,0.7403,825.49,18.32,9480,378.44,86.74
DK1,onshore,intraday,all,quarter,Q3,8250,556.2,20.93,0.5988,8250,135.5,74.57,0.7564,779.93,17.37,8250,337.73,88.29
DK1,onshore,intraday,all,quarter,Q4,8820,705.24,20.96,0.5825,9105,186.53,72.96,0.7319,1087.17,17.16,9105,446.75,85.11
DK1,onshore,intraday,common,period,all,35493,658.42,2.3,0.5843,35770,171.38,74.16,0.739,993.36,17.25,35770,412.27,86.37
DK1,onshore,intraday,common,year,2019,615,663.12,54.0,0.7078,892,122.79,79.71,0.8054,972.9,12.62,892,420.26,87.97
DK1,onshore,intraday,common,year,2020,5399,568.15,115.39,0.4802,5399,195.07,67.88,0.6566,932.58,20.92,5399,375.27,81.24
DK1,onshore,intraday,common,year,2021,5286,570.36,75.28,0.5143,5286,174.08,71.3,0.6948,847.85,20.53,5286,358.43,84.24
DK1,onshore,intraday,common,year,2022,5414,669.97,43.27,0.598,5414,168.0,73.83,0.7492,1039.12,16.17,5414,417.94,85.45
DK1,onshore,intraday,common,year,2023,5462,748.8,-29.85,0.6495,5462,161.6,76.68,0.7842,1088.54,14.85,5462,460.99,90.17
DK1,onshore,intraday,common,year,2024,5335,730.65,-76.53,0.6285,5335,168.95,78.59,0.7688,1057.26,15.98,5335,454.72,88.98
DK1,onshore,intraday,common,year,2025,5275,634.76,-71.3,0.5978,5275,163.63,76.06,0.7422,972.94,16.82,5275,406.86,87.17
DK1,onshore,intraday,common,year,2026,2707,707.65,-101.11,0.5535,2707,181.22,73.55,0.7439,1035.74,17.5,2707,405.81,87.96
DK1,onshore,intraday,common,quarter,Q1,9317,781.12,-19.29,0.5651,9317,206.81,72.59,0.7352,1249.7,16.55,9317,475.58,85.69
DK1,onshore,intraday,common,quarter,Q2,9372,582.55,-9.79,0.6001,9372,151.55,76.54,0.7398,826.93,18.33,9372,378.94,86.66
DK1,onshore,intraday,common,quarter,Q3,8154,557.61,20.39,0.5992,8154,135.59,74.56,0.7568,782.25,17.33,8154,338.28,88.34
DK1,onshore,intraday,common,quarter,Q4,8650,703.49,20.99,0.5813,8927,187.89,72.92,0.7293,1093.38,17.18,8927,448.78,84.95
DK1,onshore,5 hours,all,period,all,57314,632.33,20.66,0.5498,57780,157.59,74.02,0.75,955.82,16.49,57774,350.03,86.52
DK1,onshore,5 hours,all,year,2019,979,658.67,58.04,0.6515,1445,118.82,77.76,0.803,968.03,12.27,1439,340.66,89.89
DK1,onshore,5 hours,all,year,2020,8691,547.87,137.58,0.3878,8691,194.84,67.16,0.6444,891.2,21.86,8691,318.23,80.21
DK1,onshore,5 hours,all,year,2021,8643,531.94,102.17,0.448,8643,171.67,70.11,0.6773,799.45,21.47,8643,310.97,82.83
DK1,onshore,5 hours,all,year,2022,8712,634.07,64.94,0.5586,8712,158.72,73.75,0.7497,992.15,16.0,8712,359.6,85.34
DK1,onshore,5 hours,all,year,2023,8751,716.95,-13.78,0.6405,8751,139.86,78.15,0.8049,1042.26,13.42,8751,389.07,90.61
DK1,onshore,5 hours,all,year,2024,8615,705.29,-58.55,0.6201,8615,143.95,77.99,0.7959,1036.26,13.89,8615,378.95,90.38
DK1,onshore,5 hours,all,year,2025,8587,622.72,-62.91,0.5862,8587,141.97,75.8,0.772,944.2,15.04,8587,343.07,88.34
DK1,onshore,5 hours,all,year,2026,4336,695.58,-85.16,0.5486,4336,159.35,75.09,0.7709,1008.66,15.8,4336,353.03,88.61
DK1,onshore,5 hours,all,quarter,Q1,15030,768.46,0.86,0.5255,15030,190.82,71.8,0.7517,1228.65,15.53,15030,402.18,86.01
DK1,onshore,5 hours,all,quarter,Q2,15117,549.52,17.73,0.5628,15117,142.38,76.23,0.7409,773.56,18.41,15117,325.69,86.45
DK1,onshore,5 hours,all,quarter,Q3,13123,515.18,40.84,0.5792,13123,124.57,75.01,0.7582,728.08,17.11,13123,296.05,87.82
DK1,onshore,5 hours,all,quarter,Q4,14044,685.25,25.99,0.5438,14510,168.88,73.11,0.75,1069.05,15.8,14504,370.2,85.92
DK1,onshore,5 hours,common,period,all,35493,658.42,14.0,0.5536,35770,161.99,74.0,0.7532,993.36,16.31,35770,362.91,86.89
DK1,onshore,5 hours,common,year,2019,615,663.12,57.06,0.6672,892,118.4,79.26,0.8073,972.9,12.17,892,355.79,88.13
DK1,onshore,5 hours,common,year,2020,5399,568.15,134.45,0.4012,5399,196.47,67.38,0.6542,932.58,21.07,5399,328.09,80.72
DK1,onshore,5 hours,common,year,2021,5286,570.36,96.19,0.4581,5286,174.41,69.84,0.6942,847.85,20.57,5286,321.88,84.77
DK1,onshore,5 hours,common,year,2022,5414,669.97,56.07,0.5792,5414,159.46,74.07,0.762,1039.12,15.35,5414,378.92,85.74
DK1,onshore,5 hours,common,year,2023,5462,748.8,-19.6,0.6461,5462,144.06,78.25,0.8076,1088.54,13.23,5462,407.05,91.1
DK1,onshore,5 hours,common,year,2024,5335,730.65,-63.75,0.615,5335,151.16,78.44,0.7931,1057.26,14.3,5335,392.66,90.03
DK1,onshore,5 hours,common,year,2025,5275,634.76,-71.08,0.5718,5275,150.92,75.15,0.7622,972.94,15.51,5275,352.48,88.04
DK1,onshore,5 hours,common,year,2026,2707,707.65,-98.26,0.5287,2707,167.54,73.88,0.7632,1035.74,16.18,2707,355.51,88.47
DK1,onshore,5 hours,common,quarter,Q1,9317,781.12,-4.82,0.53,9317,191.63,71.69,0.7547,1249.7,15.33,9317,407.72,85.94
DK1,onshore,5 hours,common,quarter,Q2,9372,582.55,4.81,0.5629,9372,151.45,76.17,0.74,826.93,18.31,9372,346.51,87.12
DK1,onshore,5 hours,common,quarter,Q3,8154,557.61,33.87,0.5733,8154,133.76,74.61,0.7601,782.25,17.1,8154,313.46,88.26
DK1,onshore,5 hours,common,quarter,Q4,8650,703.49,25.14,0.5564,8927,167.93,73.57,0.7581,1093.38,15.36,8927,378.55,86.38
DK1,onshore,1 hour,all,period,all,57309,631.61,62.03,0.1936,57771,125.49,62.86,0.8006,956.18,13.12,57769,155.63,88.3
DK1,onshore,1 hour,all,year,2019,983,655.64,75.03,0.2984,1445,102.07,63.27,0.8185,973.57,10.48,1443,145.46,89.83
DK1,onshore,1 hour,all,year,2020,8690,547.1,146.88,-0.2144,8690,184.15,54.19,0.6634,890.83,20.67,8690,151.64,81.44
DK1,onshore,1 hour,all,year,2021,8643,531.88,108.37,-0.103,8643,157.97,57.31,0.703,799.81,19.75,8643,143.22,84.38
DK1,onshore,1 hour,all,year,2022,8708,633.25,83.96,0.1421,8708,140.99,61.19,0.7774,993.04,14.2,8708,164.33,86.43
DK1,onshore,1 hour,all,year,2023,8747,716.2,21.08,0.3951,8747,99.4,66.95,0.8612,1042.62,9.53,8747,164.31,92.74
DK1,onshore,1 hour,all,year,2024,8615,705.51,10.39,0.425,8615,93.26,68.91,0.8678,1036.09,9.0,8615,162.19,92.57
DK1,onshore,1 hour,all,year,2025,8587,621.41,24.94,0.3734,8587,95.14,66.72,0.8469,944.68,10.07,8587,151.83,90.68
DK1,onshore,1 hour,all,year,2026,4336,693.76,9.91,0.361,4336,96.62,66.67,0.8607,1008.61,9.58,4336,151.2,91.05
DK1,onshore,1 hour,all,quarter,Q1,15027,767.63,66.79,0.172,15027,143.69,62.37,0.8128,1229.17,11.69,15027,173.54,88.45
DK1,onshore,1 hour,all,quarter,Q2,15117,548.76,51.88,0.2432,15117,113.3,65.15,0.7935,773.55,14.65,15117,149.71,88.05
DK1,onshore,1 hour,all,quarter,Q3,13121,514.64,56.48,0.2493,13121,103.7,64.09,0.7985,727.81,14.25,13121,138.13,89.79
DK1,onshore,1 hour,all,quarter,Q4,14044,684.53,72.7,0.1258,14506,139.05,59.88,0.7934,1070.27,12.99,14504,159.07,86.98
DK1,onshore,1 hour,common,period,all,35493,658.42,63.68,0.2375,35770,127.75,64.1,0.8052,993.36,12.86,35770,167.54,88.53
DK1,onshore,1 hour,common,year,2019,615,663.12,67.52,0.3694,892,94.03,65.02,0.8356,972.9,9.67,892,149.11,88.94
DK1,onshore,1 hour,common,year,2020,5399,568.15,146.57,-0.142,5399,185.52,55.47,0.6735,932.58,19.89,5399,162.44,81.96
DK1,onshore,1 hour,common,year,2021,5286,570.36,106.15,-0.0311,5286,160.44,59.14,0.7187,847.85,18.92,5286,155.61,85.6
DK1,onshore,1 hour,common,year,2022,5414,669.97,80.67,0.2158,5414,140.4,62.02,0.7904,1039.12,13.51,5414,179.04,86.78
DK1,onshore,1 hour,common,year,2023,5462,748.8,28.61,0.4144,5462,103.69,67.39,0.8615,1088.54,9.53,5462,177.06,92.62
DK1,onshore,1 hour,common,year,2024,5335,730.65,14.59,0.4436,5335,96.58,70.57,0.8678,1057.26,9.14,5335,173.59,92.31
DK1,onshore,1 hour,common,year,2025,5275,634.76,29.86,0.3943,5275,99.63,68.25,0.843,972.94,10.24,5275,164.49,90.41
DK1,onshore,1 hour,common,year,2026,2707,707.65,13.52,0.3751,2707,99.28,67.34,0.8597,1035.74,9.59,2707,158.88,91.36
DK1,onshore,1 hour,common,quarter,Q1,9317,781.12,65.43,0.2131,9317,141.39,62.95,0.819,1249.7,11.31,9317,179.69,88.63
DK1,onshore,1 hour,common,quarter,Q2,9372,582.55,55.47,0.2878,9372,120.23,67.33,0.7936,826.93,14.54,9372,168.82,88.42
DK1,onshore,1 hour,common,quarter,Q3,8154,557.61,59.47,0.2849,8154,111.26,65.39,0.8005,782.25,14.22,8154,155.6,89.87
DK1,onshore,1 hour,common,quarter,Q4,8650,703.49,74.31,0.17,8927,136.47,60.73,0.8026,1093.38,12.48,8927,164.42,87.26
DK1,solar,day-ahead,all,period,all,54590,101.59,-33.47,0.7931,54803,63.7,79.95,0.3709,257.92,24.7,54792,307.95,49.0
DK1,solar,day-ahead,all,year,2019,547,11.99,1.9,0.6902,760,6.64,52.47,0.5383,21.69,30.61,749,21.15,53.2
DK1,solar,day-ahead,all,year,2020,6187,47.64,-0.37,0.8183,6187,19.79,77.73,0.5846,126.83,15.6,6187,108.87,62.5
DK1,solar,day-ahead,all,year,2021,8688,43.65,-4.29,0.8345,8688,21.33,79.41,0.5114,108.26,19.7,8688,128.86,48.85
DK1,solar,day-ahead,all,year,2022,8736,69.68,-35.53,0.7772,8736,51.16,82.7,0.2658,189.51,27.0,8736,229.68,43.22
DK1,solar,day-ahead,all,year,2023,8760,114.95,-86.49,0.7366,8760,97.04,79.06,0.1558,306.43,31.67,8760,368.41,42.52
DK1,solar,day-ahead,all,year,2024,8712,125.67,-21.74,0.8306,8712,63.2,83.16,0.4971,306.85,20.6,8712,373.14,47.14
DK1,solar,day-ahead,all,year,2025,8616,155.17,-31.42,0.787,8616,100.13,78.23,0.3547,379.83,26.36,8616,470.05,50.3
DK1,solar,day-ahead,all,year,2026,4344,188.29,-61.65,0.8151,4344,107.67,82.18,0.4282,485.11,22.19,4344,582.35,55.41
DK1,solar,day-ahead,all,quarter,Q1,14318,69.29,-23.1,0.6955,14318,42.63,76.07,0.3848,135.28,31.51,14318,140.02,42.72
DK1,solar,day-ahead,all,quarter,Q2,14728,156.56,-53.3,0.8275,14728,96.18,87.5,0.3857,455.62,21.11,14728,557.48,54.23
DK1,solar,day-ahead,all,quarter,Q3,12658,119.79,-46.08,0.7956,12658,90.2,86.81,0.247,354.99,25.41,12658,441.22,51.28
DK1,solar,day-ahead,all,quarter,Q4,12886,56.79,-10.3,0.6999,13099,24.59,69.07,0.5625,75.89,32.41,13088,81.98,47.78
DK1,solar,day-ahead,common,period,all,30892,158.08,-59.73,0.6834,30990,100.32,77.22,0.3636,405.87,24.72,30984,316.94,55.42
DK1,solar,day-ahead,common,year,2019,252,13.69,2.49,0.696,350,7.7,60.47,0.549,25.59,30.11,344,25.06,53.97
DK1,solar,day-ahead,common,year,2020,2775,63.4,2.36,0.7627,2775,26.35,77.23,0.5843,175.31,15.03,2775,111.06,68.58
DK1,solar,day-ahead,common,year,2021,3559,73.06,-12.05,0.6799,3559,35.62,75.02,0.5124,182.6,19.51,3559,111.28,64.54
DK1,solar,day-ahead,common,year,2022,5407,103.46,-56.5,0.6662,5407,77.51,80.03,0.2509,285.4,27.16,5407,232.19,49.99
DK1,solar,day-ahead,common,year,2023,5467,170.61,-132.49,0.5889,5467,146.86,75.45,0.1392,459.16,31.98,5467,357.22,46.31
DK1,solar,day-ahead,common,year,2024,5386,184.27,-38.79,0.7413,5386,93.67,80.1,0.4917,453.84,20.64,5386,362.01,55.59
DK1,solar,day-ahead,common,year,2025,5335,228.3,-60.65,0.6941,5335,140.19,75.76,0.3859,563.49,24.88,5335,458.23,55.75
DK1,solar,day-ahead,common,year,2026,2711,273.51,-93.36,0.7129,2711,159.33,77.39,0.4175,711.37,22.4,2711,554.9,58.35
DK1,solar,day-ahead,common,quarter,Q1,8131,109.26,-39.94,0.6609,8131,68.93,76.78,0.3691,216.19,31.88,8131,203.27,48.68
DK1,solar,day-ahead,common,quarter,Q2,8175,244.38,-95.48,0.7059,8175,153.72,80.92,0.371,721.34,21.31,8175,522.65,61.79
DK1,solar,day-ahead,common,quarter,Q3,6989,189.58,-87.95,0.6697,6989,141.42,80.41,0.254,569.58,24.83,6989,428.19,57.22
DK1,solar,day-ahead,common,quarter,Q4,7597,88.49,-17.01,0.6638,7695,39.42,70.87,0.5505,122.44,32.19,7689,117.3,54.14
DK1,solar,intraday,all,period,all,34958,143.34,-53.65,0.732,35123,85.99,82.31,0.3976,373.93,23.0,35123,320.9,56.06
DK1,solar,intraday,all,year,2019,414,15.93,2.59,0.7069,579,8.22,62.87,0.5129,28.1,29.27,579,28.06,59.66
DK1,solar,intraday,all,year,2020,4604,56.66,8.14,0.8168,4604,24.0,82.86,0.5764,156.97,15.29,4604,131.03,64.97
DK1,solar,intraday,all,year,2021,5460,63.7,-10.92,0.7847,5460,30.74,81.89,0.5175,162.54,18.91,5460,142.79,59.14
DK1,solar,intraday,all,year,2022,5445,101.24,-52.61,0.7182,5445,70.77,86.17,0.3009,284.0,24.92,5445,251.12,51.06
DK1,solar,intraday,all,year,2023,5475,166.75,-130.26,0.6383,5475,144.2,83.93,0.1352,458.64,31.44,5475,398.64,45.95
DK1,solar,intraday,all,year,2024,5445,182.26,-44.55,0.7772,5445,87.49,82.68,0.52,457.07,19.14,5445,392.75,57.32
DK1,solar,intraday,all,year,2025,5400,223.53,-66.4,0.7413,5400,123.94,80.87,0.4455,560.68,22.1,5400,479.04,57.56
DK1,solar,intraday,all,year,2026,2715,269.63,-96.79,0.7391,2715,153.44,77.53,0.4309,712.09,21.55,2715,588.0,59.08
DK1,solar,intraday,all,quarter,Q1,9089,100.92,-33.43,0.6863,9089,60.94,73.13,0.3962,202.89,30.03,9089,194.24,48.87
DK1,solar,intraday,all,quarter,Q2,9390,218.35,-88.76,0.7514,9390,130.98,94.53,0.4002,653.11,20.05,9390,526.81,62.58
DK1,solar,intraday,all,quarter,Q3,8130,168.56,-75.75,0.7396,8130,114.94,95.17,0.3181,513.89,22.37,8130,441.36,57.64
DK1,solar,intraday,all,quarter,Q4,8349,80.6,-15.4,0.6888,8514,35.47,66.37,0.5536,114.96,30.85,8514,113.97,55.0
DK1,solar,intraday,common,period,all,30896,155.16,-60.57,0.7275,30990,94.38,81.82,0.3901,405.87,23.25,30990,346.29,56.07
DK1,solar,intraday,common,year,2019,256,13.92,2.59,0.7108,350,7.39,60.86,0.509,25.59,28.87,350,25.54,53.52
DK1,solar,intraday,common,year,2020,2775,62.04,11.14,0.7966,2775,27.4,79.46,0.5583,175.31,15.63,2775,134.68,66.63
DK1,solar,intraday,common,year,2021,3559,71.63,-13.77,0.767,3559,35.17,79.12,0.5089,182.6,19.26,3559,150.94,64.93
DK1,solar,intraday,common,year,2022,5407,101.67,-52.79,0.7183,5407,71.07,86.3,0.301,285.4,24.9,5407,252.24,51.19
DK1,solar,intraday,common,year,2023,5467,166.91,-130.45,0.6381,5467,144.4,83.92,0.1349,459.16,31.45,5467,399.0,45.99
DK1,solar,intraday,common,year,2024,5386,180.69,-45.46,0.7774,5386,87.05,82.55,0.5182,453.84,19.18,5386,390.96,57.15
DK1,solar,intraday,common,year,2025,5335,224.39,-66.33,0.742,5335,124.12,80.99,0.4469,563.49,22.03,5335,480.98,57.45
DK1,solar,intraday,common,year,2026,2711,269.49,-96.81,0.739,2711,153.54,77.5,0.4303,711.37,21.58,2711,588.26,59.02
DK1,solar,intraday,common,quarter,Q1,8131,107.38,-38.38,0.6818,8131,65.82,72.93,0.387,216.19,30.45,8131,206.89,49.1
DK1,solar,intraday,common,quarter,Q2,8175,240.53,-101.07,0.7465,8175,146.28,93.97,0.3919,721.34,20.28,8175,577.09,63.62
DK1,solar,intraday,common,quarter,Q3,6989,186.93,-86.73,0.7346,6989,129.03,94.66,0.3098,569.58,22.65,6989,486.16,57.33
DK1,solar,intraday,common,quarter,Q4,7601,85.24,-17.22,0.6873,7695,37.94,66.64,0.5506,122.44,30.99,7695,121.36,54.23
DK1,solar,5 hours,all,period,all,48481,107.1,-35.61,0.8268,48619,65.27,81.1,0.389,277.57,23.51,48619,376.88,48.64
DK1,solar,5 hours,all,year,2019,274,13.01,2.14,0.8637,412,6.42,90.05,0.51,21.75,29.53,412,47.13,48.54
DK1,solar,5 hours,all,year,2020,3584,48.58,14.48,0.863,3584,26.82,89.62,0.4479,136.56,19.64,3584,195.77,56.19
DK1,solar,5 hours,all,year,2021,5556,47.15,-9.66,0.8668,5556,23.57,83.24,0.5001,118.97,19.81,5556,176.97,52.5
DK1,solar,5 hours,all,year,2022,8723,68.49,-29.72,0.8235,8723,46.63,82.0,0.3192,189.61,24.59,8723,264.27,43.37
DK1,solar,5 hours,all,year,2023,8753,112.43,-76.8,0.7829,8753,90.96,80.78,0.191,306.56,29.67,8753,418.9,43.14
DK1,solar,5 hours,all,year,2024,8632,122.04,-26.73,0.859,8632,58.53,80.66,0.5204,304.23,19.24,8632,415.12,47.94
DK1,solar,5 hours,all,year,2025,8618,152.38,-33.89,0.8198,8618,90.74,76.5,0.4045,379.18,23.93,8618,503.58,51.06
DK1,solar,5 hours,all,year,2026,4341,185.36,-63.63,0.8335,4341,104.47,79.31,0.4364,484.87,21.55,4341,627.59,55.7
DK1,solar,5 hours,all,quarter,Q1,12578,73.42,-25.99,0.8116,12578,45.0,74.83,0.3871,146.44,30.73,12578,238.83,43.43
DK1,solar,5 hours,all,quarter,Q2,12893,168.02,-60.05,0.8365,12893,101.21,89.37,0.3976,498.63,20.3,12893,619.13,55.14
DK1,solar,5 hours,all,quarter,Q3,11000,128.57,-46.11,0.8225,11000,91.04,88.35,0.2919,386.87,23.53,11000,513.04,49.82
DK1,solar,5 hours,all,quarter,Q4,12010,57.32,-10.13,0.8223,12148,24.78,72.26,0.5641,79.78,31.06,12148,139.43,46.02
DK1,solar,5 hours,common,period,all,30896,155.16,-56.8,0.8201,30990,93.93,91.19,0.393,405.87,23.14,30990,522.22,55.67
DK1,solar,5 hours,common,year,2019,256,13.92,2.5,0.8275,350,7.51,90.0,0.5104,25.59,29.36,350,43.55,51.56
DK1,solar,5 hours,common,year,2020,2775,62.04,18.08,0.8089,2775,33.78,87.89,0.4554,175.31,19.27,2775,176.76,62.59
DK1,solar,5 hours,common,year,2021,3559,71.63,-14.59,0.8106,3559,35.87,89.77,0.4992,182.6,19.65,3559,189.42,63.7
DK1,solar,5 hours,common,year,2022,5407,101.67,-48.17,0.8197,5407,70.3,93.62,0.3085,285.4,24.63,5407,389.9,50.62
DK1,solar,5 hours,common,year,2023,5467,166.91,-116.84,0.7763,5467,136.92,92.63,0.1797,459.16,29.82,5467,612.15,47.61
DK1,solar,5 hours,common,year,2024,5386,180.69,-45.35,0.8548,5386,87.46,92.44,0.516,453.84,19.27,5386,602.36,57.13
DK1,solar,5 hours,common,year,2025,5335,224.39,-66.35,0.8281,5335,125.19,90.12,0.4421,563.49,22.22,5335,728.31,57.23
DK1,solar,5 hours,common,year,2026,2711,269.49,-96.64,0.8268,2711,154.59,88.45,0.4264,711.37,21.73,2711,892.31,58.83
DK1,solar,5 hours,common,quarter,Q1,8131,107.38,-38.98,0.8123,8131,66.25,91.11,0.383,216.19,30.64,8131,352.86,49.75
DK1,solar,5 hours,common,quarter,Q2,8175,240.53,-95.58,0.824,8175,145.57,90.61,0.3948,721.34,20.18,8175,826.89,63.41
DK1,solar,5 hours,common,quarter,Q3,6989,186.93,-77.74,0.8185,6989,127.74,92.5,0.3167,569.58,22.43,6989,703.87,56.62
DK1,solar,5 hours,common,quarter,Q4,7601,85.24,-15.42,0.8231,7695,37.6,90.71,0.5548,122.44,30.71,7695,212.52,52.82
DK1,solar,1 hour,all,period,all,49416,109.37,-33.79,0.5997,49634,58.43,58.23,0.4637,283.13,20.64,49634,145.97,53.11
DK1,solar,1 hour,all,year,2019,475,14.11,1.88,0.7314,693,5.77,70.27,0.631,23.84,24.21,693,21.49,57.26
DK1,solar,1 hour,all,year,2020,4322,63.45,21.95,0.6029,4322,33.08,78.48,0.4786,175.04,18.9,4322,83.3,65.39
DK1,solar,1 hour,all,year,2021,5560,65.18,-6.88,0.7203,5560,22.04,68.76,0.6618,165.24,13.34,5560,78.79,66.31
DK1,solar,1 hour,all,year,2022,8719,68.51,-27.28,0.6265,8719,37.13,56.29,0.458,189.7,19.57,8719,99.41,46.34
DK1,solar,1 hour,all,year,2023,8749,112.51,-64.11,0.5528,8749,71.66,53.1,0.3631,306.81,23.36,8749,160.24,46.74
DK1,solar,1 hour,all,year,2024,8632,123.09,-31.47,0.6584,8632,55.31,54.52,0.5507,307.1,18.01,8632,161.89,49.47
DK1,solar,1 hour,all,year,2025,8618,152.31,-39.52,0.5662,8618,86.2,52.54,0.4341,379.13,22.74,8618,198.7,53.53
DK1,solar,1 hour,all,year,2026,4341,185.38,-74.68,0.5636,4341,105.91,55.56,0.4287,484.81,21.84,4341,242.66,56.37
DK1,solar,1 hour,all,quarter,Q1,12915,75.13,-23.14,0.6,12915,39.12,52.61,0.4793,149.4,26.19,12915,97.8,48.44
DK1,solar,1 hour,all,quarter,Q2,12973,173.46,-62.8,0.5977,12973,95.32,67.08,0.4505,514.6,18.52,12973,236.94,59.49
DK1,solar,1 hour,all,quarter,Q3,11093,133.0,-40.9,0.5856,11093,80.96,64.63,0.3913,400.9,20.19,11093,195.35,54.67
DK1,solar,1 hour,all,quarter,Q4,12435,57.0,-8.69,0.6487,12653,20.58,49.29,0.6349,79.05,26.03,12653,58.57,49.91
DK1,solar,1 hour,common,period,all,30896,155.16,-54.74,0.5822,30990,82.62,69.74,0.4661,405.87,20.36,30990,197.73,58.63
DK1,solar,1 hour,common,year,2019,256,13.92,2.72,0.7434,350,6.06,76.57,0.6595,25.59,23.67,350,23.61,51.17
DK1,solar,1 hour,common,year,2020,2775,62.04,30.37,0.5205,2775,36.07,74.45,0.4186,175.31,20.58,2775,75.22,60.22
DK1,solar,1 hour,common,year,2021,3559,71.63,-8.66,0.7075,3559,23.08,75.44,0.6777,182.6,12.64,3559,78.92,70.69
DK1,solar,1 hour,common,year,2022,5407,101.67,-43.35,0.6132,5407,55.12,72.18,0.4578,285.4,19.31,5407,142.5,54.54
DK1,solar,1 hour,common,year,2023,5467,166.91,-95.97,0.5363,5467,105.72,67.02,0.3666,459.16,23.03,5467,228.0,53.05
DK1,solar,1 hour,common,year,2024,5386,180.69,-52.87,0.6405,5386,81.63,68.42,0.5482,453.84,17.99,5386,227.06,58.43
DK1,solar,1 hour,common,year,2025,5335,224.39,-74.63,0.5732,5335,119.0,66.35,0.4697,563.49,21.12,5335,278.81,59.93
DK1,solar,1 hour,common,year,2026,2711,269.49,-113.96,0.5287,2711,156.89,66.43,0.4178,711.37,22.06,2711,332.92,59.09
DK1,solar,1 hour,common,quarter,Q1,8131,107.38,-36.05,0.5894,8131,56.86,65.58,0.4704,216.19,26.3,8131,138.49,53.13
DK1,solar,1 hour,common,quarter,Q2,8175,240.53,-99.87,0.5618,8175,133.46,74.45,0.4451,721.34,18.5,8175,304.55,65.13
DK1,solar,1 hour,common,quarter,Q3,6989,186.93,-68.63,0.5795,6989,109.41,74.95,0.4147,569.58,19.21,6989,260.18,61.14
DK1,solar,1 hour,common,quarter,Q4,7601,85.24,-13.94,0.6509,7695,31.47,64.41,0.6276,122.44,25.7,7695,90.14,55.2
DK2,offshore,day-ahead,all,period,all,57403,235.44,-61.97,0.3393,57882,144.4,63.88,0.3829,345.46,41.8,57859,218.6,69.04
DK2,offshore,day-ahead,all,year,2019,961,109.48,-0.19,0.5481,1440,44.7,67.47,0.5545,167.45,26.69,1417,98.97,74.19
DK2,offshore,day-ahead,all,year,2020,8736,108.35,-16.19,0.588,8736,43.73,73.25,0.5964,159.9,27.35,8736,106.15,80.8
DK2,offshore,day-ahead,all,year,2021,8682,224.03,-196.35,0.024,8682,201.7,54.73,0.0997,325.14,62.04,8682,206.66,54.54
DK2,offshore,day-ahead,all,year,2022,8736,279.72,-269.51,-0.1987,8736,272.97,46.69,0.0241,402.11,67.88,8736,227.71,43.84
DK2,offshore,day-ahead,all,year,2023,8736,278.82,-42.29,0.4312,8736,148.15,68.82,0.4687,418.99,35.36,8736,260.45,73.0
DK2,offshore,day-ahead,all,year,2024,8688,269.15,45.88,0.5512,8688,114.59,67.43,0.5743,408.23,28.07,8688,255.33,78.23
DK2,offshore,day-ahead,all,year,2025,8568,256.88,51.13,0.54,8568,120.02,69.05,0.5328,372.18,32.25,8568,260.89,77.81
DK2,offshore,day-ahead,all,year,2026,4296,255.94,34.18,0.5715,4296,106.5,69.55,0.5839,378.55,28.13,4296,248.57,80.42
DK2,offshore,day-ahead,all,quarter,Q1,15120,252.15,-95.13,0.3106,15120,153.81,61.11,0.39,427.15,36.01,15120,223.11,71.4
DK2,offshore,day-ahead,all,quarter,Q2,15114,222.42,-30.04,0.4468,15114,121.17,68.09,0.4552,279.99,43.28,15114,219.06,71.5
DK2,offshore,day-ahead,all,quarter,Q3,13176,208.51,-36.38,0.3066,13176,142.26,63.89,0.3177,269.08,52.87,13176,205.18,65.51
DK2,offshore,day-ahead,all,quarter,Q4,13993,256.82,-83.96,0.2867,14472,160.75,62.36,0.3575,398.03,40.39,14449,225.62,67.18
DK2,offshore,day-ahead,common,period,all,35608,235.49,-61.66,0.3859,35900,147.27,65.69,0.3709,344.08,42.8,35885,239.89,68.63
DK2,offshore,day-ahead,common,year,2019,600,106.81,-0.75,0.5409,892,47.82,67.27,0.5195,171.21,27.93,877,104.0,72.5
DK2,offshore,day-ahead,common,year,2020,5438,108.91,-17.79,0.6007,5438,45.98,74.22,0.5779,160.05,28.73,5438,115.14,80.32
DK2,offshore,day-ahead,common,year,2021,5366,226.55,-196.79,0.1364,5366,202.46,58.54,0.1064,325.91,62.12,5366,234.44,55.18
DK2,offshore,day-ahead,common,year,2022,5427,280.99,-268.43,-0.091,5427,271.82,49.14,0.0326,402.08,67.6,5427,249.15,44.46
DK2,offshore,day-ahead,common,year,2023,5450,277.99,-45.59,0.4681,5450,148.93,70.2,0.4643,418.29,35.6,5450,279.99,72.46
DK2,offshore,day-ahead,common,year,2024,5360,273.42,43.07,0.584,5360,117.66,69.89,0.5697,411.71,28.58,5360,282.83,78.13
DK2,offshore,day-ahead,common,year,2025,5302,255.56,55.99,0.5485,5302,130.47,70.03,0.4895,365.26,35.72,5302,289.0,76.12
DK2,offshore,day-ahead,common,year,2026,2665,244.92,44.02,0.5775,2665,112.05,69.61,0.5425,365.98,30.62,2665,265.2,78.35
DK2,offshore,day-ahead,common,quarter,Q1,9408,251.4,-94.49,0.3693,9408,156.31,63.61,0.3783,424.45,36.83,9408,247.81,70.76
DK2,offshore,day-ahead,common,quarter,Q2,9368,219.33,-24.5,0.4663,9368,127.1,69.16,0.4205,268.69,47.3,9368,238.16,70.27
DK2,offshore,day-ahead,common,quarter,Q3,8189,212.14,-36.61,0.3457,8189,147.6,65.29,0.3043,270.1,54.65,8189,225.59,65.4
DK2,offshore,day-ahead,common,quarter,Q4,8643,257.79,-89.02,0.3558,8935,158.59,64.62,0.3693,406.31,39.03,8920,246.48,67.59
DK2,offshore,intraday,all,period,all,35937,233.27,-65.22,0.1406,36222,135.98,56.79,0.4136,344.22,39.5,36222,158.22,71.11
DK2,offshore,intraday,all,year,2019,615,103.85,-1.36,0.4869,900,41.62,66.56,0.5632,171.43,24.28,900,81.11,73.98
DK2,offshore,intraday,all,year,2020,5460,108.21,-15.21,0.4482,5460,38.68,64.58,0.6425,159.74,24.22,5460,70.1,83.74
DK2,offshore,intraday,all,year,2021,5427,225.79,-194.51,-0.3814,5427,197.76,45.35,0.1242,325.94,60.67,5427,143.15,56.57
DK2,offshore,intraday,all,year,2022,5460,276.8,-268.63,-0.6971,5460,271.28,36.5,0.0199,401.39,67.58,5460,159.85,44.62
DK2,offshore,intraday,all,year,2023,5460,274.41,-50.55,0.2713,5460,133.9,62.16,0.5121,418.71,31.98,5460,183.76,74.91
DK2,offshore,intraday,all,year,2024,5445,271.11,35.81,0.4893,5445,98.77,63.14,0.6357,413.92,23.86,5445,193.4,82.04
DK2,offshore,intraday,all,year,2025,5385,253.92,46.02,0.4324,5385,111.82,63.75,0.5596,363.67,30.75,5385,197.02,78.96
DK2,offshore,intraday,all,year,2026,2685,241.99,28.81,0.5055,2685,93.66,64.25,0.613,366.13,25.58,2685,189.38,82.42
DK2,offshore,intraday,all,quarter,Q1,9450,248.7,-96.75,0.0676,9450,145.02,54.03,0.4169,424.78,34.14,9450,155.54,72.96
DK2,offshore,intraday,all,quarter,Q2,9432,216.98,-28.35,0.2997,9432,116.36,62.43,0.4637,270.22,43.06,9432,166.17,72.74
DK2,offshore,intraday,all,quarter,Q3,8250,209.31,-42.54,0.0857,8250,136.85,55.59,0.3462,269.65,50.75,8250,149.67,68.4
DK2,offshore,intraday,all,quarter,Q4,8805,256.6,-91.29,0.0896,9090,146.16,54.88,0.4162,404.92,36.1,9090,160.54,69.91
DK2,offshore,intraday,common,period,all,35623,232.76,-65.33,0.1394,35900,136.17,56.75,0.4115,344.08,39.57,35900,158.23,71.04
DK2,offshore,intraday,common,year,2019,615,103.85,-1.43,0.4839,892,41.53,66.26,0.5632,171.21,24.26,892,80.48,73.98
DK2,offshore,intraday,common,year,2020,5438,107.79,-15.23,0.4478,5438,38.77,64.55,0.6403,160.05,24.22,5438,70.22,83.67
DK2,offshore,intraday,common,year,2021,5366,224.95,-194.14,-0.3797,5366,197.42,45.4,0.1224,325.91,60.58,5366,143.09,56.52
DK2,offshore,intraday,common,year,2022,5427,276.42,-269.13,-0.7,5427,271.76,36.39,0.0169,402.08,67.59,5427,159.86,44.48
DK2,offshore,intraday,common,year,2023,5450,274.25,-50.42,0.2705,5450,133.91,62.13,0.5117,418.29,32.01,5450,183.56,74.9
DK2,offshore,intraday,common,year,2024,5360,270.9,36.06,0.4922,5360,98.78,63.21,0.6354,411.71,23.99,5360,194.53,82.13
DK2,offshore,intraday,common,year,2025,5302,253.09,46.2,0.4276,5302,112.57,63.73,0.5552,365.26,30.82,5302,196.68,78.74
DK2,offshore,intraday,common,year,2026,2665,242.3,29.1,0.5051,2665,93.87,64.05,0.6126,365.98,25.65,2665,189.67,82.4
DK2,offshore,intraday,common,quarter,Q1,9408,248.39,-96.79,0.0689,9408,145.21,54.08,0.4154,424.45,34.21,9408,155.95,72.91
DK2,offshore,intraday,common,quarter,Q2,9368,216.76,-28.31,0.2956,9368,116.72,62.22,0.4615,268.69,43.44,9368,165.71,72.61
DK2,offshore,intraday,common,quarter,Q3,8189,209.76,-43.42,0.0864,8189,136.89,55.66,0.3474,270.1,50.68,8189,149.84,68.46
DK2,offshore,intraday,common,quarter,Q4,8658,254.82,-91.1,0.0878,8935,146.37,54.81,0.4114,406.31,36.02,8935,160.46,69.76
DK2,offshore,5 hours,all,period,all,57364,233.88,-67.16,0.0077,57830,134.29,54.73,0.4222,345.02,38.92,57824,135.34,71.36
DK2,offshore,5 hours,all,year,2019,979,107.42,-0.63,0.4331,1445,37.92,64.7,0.6155,168.03,22.57,1439,67.04,78.96
DK2,offshore,5 hours,all,year,2020,8722,107.76,-13.97,0.4312,8722,35.21,66.02,0.6732,159.29,22.11,8722,61.91,84.25
DK2,offshore,5 hours,all,year,2021,8684,223.28,-194.23,-0.5961,8684,197.96,41.96,0.1134,324.02,61.1,8684,124.03,55.02
DK2,offshore,5 hours,all,year,2022,8728,276.68,-269.18,-1.0484,8728,271.69,33.32,0.018,401.03,67.75,8728,132.63,43.87
DK2,offshore,5 hours,all,year,2023,8747,276.0,-49.69,0.15,8747,134.78,60.32,0.5117,419.0,32.17,8747,158.56,75.5
DK2,offshore,5 hours,all,year,2024,8623,268.59,34.68,0.4126,8623,97.07,60.36,0.6386,409.53,23.7,8623,165.26,82.2
DK2,offshore,5 hours,all,year,2025,8595,255.63,37.79,0.3839,8595,104.97,60.97,0.5894,370.81,28.31,8595,170.37,80.49
DK2,offshore,5 hours,all,year,2026,4286,254.29,20.04,0.4172,4286,92.22,62.62,0.6374,378.68,24.35,4286,158.22,83.95
DK2,offshore,5 hours,all,quarter,Q1,15080,249.99,-97.62,-0.1222,15080,143.28,50.73,0.4268,426.25,33.61,15080,127.69,73.53
DK2,offshore,5 hours,all,quarter,Q2,15080,220.82,-36.55,0.2059,15080,113.44,60.35,0.4863,279.84,40.54,15080,142.85,73.38
DK2,offshore,5 hours,all,quarter,Q3,13153,207.02,-45.71,0.0203,13153,132.37,55.46,0.3606,269.26,49.16,13153,135.11,68.19
DK2,offshore,5 hours,all,quarter,Q4,14051,255.73,-86.75,-0.0936,14517,148.33,52.37,0.4047,396.99,37.36,14511,135.69,69.84
DK2,offshore,5 hours,common,period,all,35623,232.76,-68.52,0.0118,35900,135.67,54.37,0.4136,344.08,39.43,35900,137.29,71.26
DK2,offshore,5 hours,common,year,2019,615,103.85,-1.33,0.4319,892,39.01,65.25,0.5917,171.21,22.78,892,68.67,77.24
DK2,offshore,5 hours,common,year,2020,5438,107.79,-14.99,0.4171,5438,36.09,65.78,0.6652,160.05,22.55,5438,61.91,84.17
DK2,offshore,5 hours,common,year,2021,5366,224.95,-194.46,-0.5753,5366,198.11,41.8,0.1193,325.91,60.79,5366,125.76,55.94
DK2,offshore,5 hours,common,year,2022,5427,276.42,-269.44,-1.0609,5427,271.84,33.28,0.0166,402.08,67.61,5427,131.91,44.11
DK2,offshore,5 hours,common,year,2023,5450,274.25,-53.86,0.1515,5450,132.98,59.45,0.5151,418.29,31.79,5450,156.71,75.58
DK2,offshore,5 hours,common,year,2024,5360,270.9,29.38,0.4254,5360,97.9,60.67,0.6386,411.71,23.78,5360,170.37,82.44
DK2,offshore,5 hours,common,year,2025,5302,253.09,38.33,0.3692,5302,112.99,60.11,0.5536,365.26,30.93,5302,179.11,79.06
DK2,offshore,5 hours,common,year,2026,2665,242.3,23.11,0.403,2665,94.82,61.28,0.6087,365.98,25.91,2665,158.82,82.78
DK2,offshore,5 hours,common,quarter,Q1,9408,248.39,-97.77,-0.1121,9408,143.39,50.73,0.4227,424.45,33.78,9408,128.94,73.63
DK2,offshore,5 hours,common,quarter,Q2,9368,216.76,-33.54,0.2005,9368,118.01,59.8,0.4556,268.69,43.92,9368,147.61,72.59
DK2,offshore,5 hours,common,quarter,Q3,8189,209.76,-48.43,0.0077,8189,136.13,54.72,0.351,270.1,50.4,8189,137.18,68.29
DK2,offshore,5 hours,common,quarter,Q4,8658,254.82,-92.79,-0.0758,8935,145.64,52.2,0.4141,406.31,35.84,8935,135.37,70.05
DK2,offshore,1 hour,all,period,all,57361,233.44,-79.77,-0.7981,57823,116.11,43.14,0.4995,344.94,33.66,57821,64.58,74.21
DK2,offshore,1 hour,all,year,2019,983,107.45,-7.93,0.097,1445,28.77,50.59,0.7222,168.63,17.06,1443,31.89,84.64
DK2,offshore,1 hour,all,year,2020,8721,107.59,-14.86,0.0789,8721,30.14,51.98,0.7198,159.16,18.94,8721,32.73,86.1
DK2,offshore,1 hour,all,year,2021,8684,223.13,-194.23,-2.3174,8684,196.84,24.21,0.1178,324.36,60.68,8684,59.33,55.53
DK2,offshore,1 hour,all,year,2022,8724,276.09,-269.14,-3.2032,8724,270.62,17.88,0.0198,400.9,67.5,8724,64.38,44.2
DK2,offshore,1 hour,all,year,2023,8745,275.41,-61.95,-0.5053,8745,112.39,49.22,0.5919,418.75,26.84,8745,74.66,78.83
DK2,offshore,1 hour,all,year,2024,8623,268.03,6.78,0.1948,8623,61.4,53.32,0.7709,409.17,15.01,8623,76.25,87.83
DK2,offshore,1 hour,all,year,2025,8595,255.01,6.28,0.1814,8595,67.3,55.29,0.7361,370.73,18.15,8595,82.22,85.27
DK2,offshore,1 hour,all,year,2026,4286,253.97,-1.77,0.1941,4286,58.0,55.2,0.7716,378.6,15.32,4286,71.97,87.56
DK2,offshore,1 hour,all,quarter,Q1,15077,249.65,-101.84,-1.1411,15077,127.59,39.99,0.4889,426.23,29.94,15077,59.59,75.26
DK2,offshore,1 hour,all,quarter,Q2,15080,220.23,-52.66,-0.3887,15080,95.52,47.86,0.5663,279.64,34.16,15080,68.79,76.12
DK2,offshore,1 hour,all,quarter,Q3,13153,206.63,-66.29,-0.643,13153,111.88,44.21,0.4585,269.22,41.56,13153,68.1,72.62
DK2,offshore,1 hour,all,quarter,Q4,14051,255.3,-97.23,-1.0812,14513,129.42,40.54,0.4798,396.95,32.6,14511,62.19,72.53
DK2,offshore,1 hour,common,period,all,35623,232.76,-80.87,-0.7759,35900,117.2,43.03,0.4935,344.08,34.06,35900,66.0,74.02
DK2,offshore,1 hour,common,year,2019,615,103.85,-8.41,0.1266,892,29.52,51.57,0.7073,171.21,17.24,892,33.8,83.74
DK2,offshore,1 hour,common,year,2020,5438,107.79,-15.56,0.0791,5438,31.07,51.54,0.7118,160.05,19.41,5438,33.73,86.17
DK2,offshore,1 hour,common,year,2021,5366,224.95,-193.56,-2.2364,5366,196.15,24.43,0.128,325.91,60.19,5366,60.61,56.54
DK2,offshore,1 hour,common,year,2022,5427,276.42,-269.21,-3.1914,5427,270.66,17.91,0.0208,402.08,67.31,5427,64.58,44.44
DK2,offshore,1 hour,common,year,2023,5450,274.25,-63.24,-0.4982,5450,111.72,49.63,0.5926,418.29,26.71,5450,74.57,78.95
DK2,offshore,1 hour,common,year,2024,5360,270.9,3.27,0.1943,5360,62.69,53.15,0.7686,411.71,15.23,5360,77.81,87.54
DK2,offshore,1 hour,common,year,2025,5302,253.09,4.39,0.1627,5302,72.8,54.73,0.7124,365.26,19.93,5302,86.94,83.35
DK2,offshore,1 hour,common,year,2026,2665,242.3,-2.92,0.1819,2665,60.03,54.18,0.7522,365.98,16.4,2665,73.38,86.57
DK2,offshore,1 hour,common,quarter,Q1,9408,248.39,-102.32,-1.1048,9408,128.25,40.39,0.4837,424.45,30.22,9408,60.94,75.02
DK2,offshore,1 hour,common,quarter,Q2,9368,216.76,-52.51,-0.3631,9368,98.09,47.06,0.5475,268.69,36.51,9368,71.96,75.5
DK2,offshore,1 hour,common,quarter,Q3,8189,209.76,-68.72,-0.6528,8189,114.2,43.83,0.4555,270.1,42.28,8189,69.1,72.84
DK2,offshore,1 hour,common,quarter,Q4,8658,254.82,-99.17,-1.0627,8935,128.35,40.83,0.4837,406.31,31.59,8935,62.23,72.44
DK2,onshore,day-ahead,all,period,all,57385,132.94,-0.63,0.691,57864,39.44,79.11,0.7032,187.9,20.99,57841,127.61,84.12
DK2,onshore,day-ahead,all,year,2019,961,169.89,10.49,0.7386,1440,35.39,83.98,0.7993,229.83,15.4,1417,134.33,86.58
DK2,onshore,day-ahead,all,year,2020,8736,139.51,17.12,0.7086,8736,40.12,80.38,0.7124,210.18,19.09,8736,137.69,82.94
DK2,onshore,day-ahead,all,year,2021,8640,124.04,20.29,0.6391,8640,43.84,77.0,0.6466,171.37,25.58,8640,121.47,82.03
DK2,onshore,day-ahead,all,year,2022,8736,131.76,15.05,0.6434,8736,41.82,76.11,0.6826,182.72,22.89,8736,117.3,82.26
DK2,onshore,day-ahead,all,year,2023,8760,140.97,-6.49,0.7342,8760,35.08,80.78,0.7512,197.01,17.81,8760,131.96,86.12
DK2,onshore,day-ahead,all,year,2024,8664,135.75,-19.11,0.701,8664,39.35,79.72,0.7101,191.72,20.52,8664,131.61,85.51
DK2,onshore,day-ahead,all,year,2025,8544,124.54,-22.5,0.7104,8544,37.82,80.51,0.6963,174.26,21.7,8544,130.6,85.63
DK2,onshore,day-ahead,all,year,2026,4344,126.36,-21.4,0.6707,4344,38.03,77.81,0.699,173.28,21.95,4344,115.49,84.09
DK2,onshore,day-ahead,all,quarter,Q1,15072,160.18,-5.19,0.6813,15072,46.73,77.92,0.7082,246.27,18.98,15072,146.62,83.73
DK2,onshore,day-ahead,all,quarter,Q2,15144,116.99,3.0,0.6945,15144,36.49,79.71,0.6881,146.74,24.87,15144,119.46,83.27
DK2,onshore,day-ahead,all,quarter,Q3,13176,106.12,3.48,0.714,13176,30.64,79.85,0.7113,137.91,22.22,13176,107.13,85.19
DK2,onshore,day-ahead,all,quarter,Q4,13993,146.12,-3.41,0.6821,14472,42.94,79.04,0.705,215.68,19.91,14449,135.0,84.46
DK2,onshore,day-ahead,common,period,all,35481,138.01,-1.25,0.708,35773,41.06,80.59,0.7024,193.92,21.17,35758,140.54,83.83
DK2,onshore,day-ahead,common,year,2019,600,167.33,10.29,0.7441,892,37.24,83.35,0.7857,235.3,15.83,877,143.09,84.5
DK2,onshore,day-ahead,common,year,2020,5401,143.54,19.05,0.7097,5401,43.31,80.93,0.6982,216.41,20.01,5401,149.19,82.39
DK2,onshore,day-ahead,common,year,2021,5286,130.48,18.7,0.6592,5286,46.37,78.55,0.6446,179.2,25.88,5286,136.06,81.78
DK2,onshore,day-ahead,common,year,2022,5414,138.94,12.32,0.6688,5414,42.25,77.98,0.6959,189.27,22.32,5414,127.57,83.21
DK2,onshore,day-ahead,common,year,2023,5464,145.27,-6.45,0.7518,5464,35.84,82.27,0.7533,203.01,17.65,5464,144.42,85.74
DK2,onshore,day-ahead,common,year,2024,5335,141.64,-20.12,0.7199,5335,41.28,81.74,0.7085,197.18,20.94,5335,147.36,84.95
DK2,onshore,day-ahead,common,year,2025,5274,130.0,-24.41,0.7229,5274,40.27,82.1,0.6902,181.37,22.21,5274,145.32,84.91
DK2,onshore,day-ahead,common,year,2026,2707,127.11,-18.8,0.7102,2707,36.69,79.57,0.7113,173.06,21.2,2707,126.62,83.56
DK2,onshore,day-ahead,common,quarter,Q1,9317,161.84,-4.95,0.7041,9317,47.98,79.66,0.7035,247.54,19.38,9317,162.14,82.85
DK2,onshore,day-ahead,common,quarter,Q2,9372,123.07,1.51,0.7032,9372,38.69,81.22,0.6857,154.31,25.07,9372,130.32,83.09
DK2,onshore,day-ahead,common,quarter,Q3,8156,115.78,1.54,0.7231,8156,32.47,81.03,0.7196,148.56,21.85,8156,117.24,85.43
DK2,onshore,day-ahead,common,quarter,Q4,8636,149.5,-2.83,0.7059,8928,44.17,80.48,0.7036,220.96,19.99,8913,150.04,84.16
DK2,onshore,intraday,all,period,all,35970,136.26,-0.58,0.5795,36255,35.63,71.52,0.7384,193.51,18.41,36255,84.73,86.16
DK2,onshore,intraday,all,year,2019,615,162.01,9.22,0.7184,900,30.94,77.33,0.8155,234.37,13.2,900,109.89,88.94
DK2,onshore,intraday,all,year,2020,5445,142.03,10.4,0.6277,5445,34.32,72.87,0.7584,216.16,15.88,5445,92.18,85.42
DK2,onshore,intraday,all,year,2021,5445,129.28,14.76,0.5148,5445,38.06,69.48,0.7056,178.15,21.36,5445,78.44,83.78
DK2,onshore,intraday,all,year,2022,5445,136.74,13.68,0.4996,5445,39.37,65.8,0.7121,188.77,20.86,5445,78.68,85.23
DK2,onshore,intraday,all,year,2023,5475,142.83,-2.13,0.6249,5475,33.01,71.18,0.7689,203.16,16.25,5475,88.02,87.96
DK2,onshore,intraday,all,year,2024,5445,140.47,-13.82,0.6143,5445,35.24,74.84,0.7491,198.65,17.74,5445,91.35,87.64
DK2,onshore,intraday,all,year,2025,5385,128.71,-20.62,0.5526,5385,35.52,73.65,0.7241,179.43,19.79,5385,79.38,86.61
DK2,onshore,intraday,all,year,2026,2715,125.17,-15.79,0.5615,2715,33.74,72.23,0.7305,172.98,19.5,2715,76.93,86.15
DK2,onshore,intraday,all,quarter,Q1,9420,159.85,-3.65,0.5959,9420,40.13,72.04,0.749,247.29,16.23,9420,99.31,86.13
DK2,onshore,intraday,all,quarter,Q2,9480,121.28,-0.76,0.5552,9480,33.88,72.5,0.7207,154.38,21.94,9480,76.17,85.18
DK2,onshore,intraday,all,quarter,Q3,8250,113.93,2.1,0.5801,8250,29.58,71.61,0.7403,148.18,19.96,8250,70.45,86.62
DK2,onshore,intraday,all,quarter,Q4,8820,148.05,0.35,0.5817,9105,38.28,69.87,0.7403,219.67,17.43,9105,91.51,86.83
DK2,onshore,intraday,common,period,all,35496,136.22,-0.52,0.5792,35773,35.64,71.5,0.7382,193.92,18.38,35773,84.7,86.17
DK2,onshore,intraday,common,year,2019,615,162.01,9.12,0.7197,892,30.84,77.24,0.8155,235.3,13.11,892,110.03,88.94
DK2,onshore,intraday,common,year,2020,5401,142.09,10.36,0.6279,5401,34.33,72.95,0.7584,216.41,15.86,5401,92.28,85.35
DK2,onshore,intraday,common,year,2021,5286,129.44,14.94,0.5121,5286,38.14,69.47,0.7054,179.2,21.28,5286,78.17,83.86
DK2,onshore,intraday,common,year,2022,5414,136.64,13.6,0.4971,5414,39.42,65.68,0.7115,189.27,20.83,5414,78.38,85.22
DK2,onshore,intraday,common,year,2023,5464,142.74,-2.14,0.6251,5464,33.01,71.19,0.7687,203.01,16.26,5464,88.05,87.96
DK2,onshore,intraday,common,year,2024,5335,140.01,-13.16,0.6167,5335,34.88,74.62,0.7508,197.18,17.69,5335,91.0,87.65
DK2,onshore,intraday,common,year,2025,5274,128.6,-21.06,0.5503,5274,35.9,73.87,0.7209,181.37,19.79,5274,79.83,86.63
DK2,onshore,intraday,common,year,2026,2707,125.26,-15.69,0.5624,2707,33.65,72.18,0.7313,173.06,19.45,2707,76.9,86.15
DK2,onshore,intraday,common,quarter,Q1,9317,159.74,-3.57,0.5963,9317,40.13,72.15,0.7488,247.54,16.21,9317,99.39,86.1
DK2,onshore,intraday,common,quarter,Q2,9372,121.5,-0.45,0.5552,9372,33.81,72.42,0.7218,154.31,21.91,9372,76.01,85.3
DK2,onshore,intraday,common,quarter,Q3,8156,114.16,2.04,0.5803,8156,29.61,71.57,0.7406,148.56,19.93,8156,70.55,86.67
DK2,onshore,intraday,common,quarter,Q4,8651,147.64,0.25,0.5801,8928,38.38,69.8,0.7388,220.96,17.37,8928,91.41,86.72
DK2,onshore,5 hours,all,period,all,57314,131.81,-0.23,0.5149,57780,35.18,69.41,0.7329,187.45,18.77,57774,72.52,86.06
DK2,onshore,5 hours,all,year,2019,979,166.04,9.36,0.6632,1445,29.18,74.7,0.8319,231.03,12.63,1439,86.87,89.07
DK2,onshore,5 hours,all,year,2020,8693,138.88,9.01,0.5947,8693,31.66,72.76,0.772,209.61,15.1,8693,78.12,86.37
DK2,onshore,5 hours,all,year,2021,8643,123.02,18.87,0.4635,8643,37.67,68.47,0.6938,170.48,22.09,8643,70.21,84.1
DK2,onshore,5 hours,all,year,2022,8711,130.38,16.55,0.4303,8711,39.4,63.68,0.6978,182.15,21.63,8711,69.17,83.57
DK2,onshore,5 hours,all,year,2023,8751,139.08,-3.76,0.5652,8751,32.88,69.68,0.7636,196.86,16.7,8751,75.61,87.99
DK2,onshore,5 hours,all,year,2024,8615,134.76,-14.0,0.5309,8615,34.78,69.97,0.7419,191.89,18.13,8615,74.15,87.57
DK2,onshore,5 hours,all,year,2025,8586,124.06,-20.45,0.4885,8586,35.22,70.11,0.7161,173.18,20.34,8586,68.86,86.33
DK2,onshore,5 hours,all,year,2026,4336,125.09,-19.15,0.4505,4336,36.09,71.26,0.7115,173.39,20.81,4336,65.68,86.21
DK2,onshore,5 hours,all,quarter,Q1,15029,158.71,-4.69,0.5203,15029,39.2,69.29,0.753,244.93,16.01,15029,81.73,86.68
DK2,onshore,5 hours,all,quarter,Q2,15117,115.76,2.13,0.5016,15117,33.47,70.23,0.7108,146.61,22.83,15117,67.16,85.02
DK2,onshore,5 hours,all,quarter,Q3,13123,105.19,4.33,0.5341,13123,29.23,70.37,0.7221,137.97,21.19,13123,62.74,86.14
DK2,onshore,5 hours,all,quarter,Q4,14045,145.16,-2.17,0.5071,14511,38.15,67.82,0.7358,215.21,17.73,14505,77.42,86.44
DK2,onshore,5 hours,common,period,all,35496,136.22,-2.33,0.5196,35773,35.52,69.57,0.739,193.92,18.32,35773,73.92,86.35
DK2,onshore,5 hours,common,year,2019,615,162.01,7.57,0.6826,892,28.71,75.22,0.8264,235.3,12.2,892,90.46,87.48
DK2,onshore,5 hours,common,year,2020,5401,142.09,7.13,0.6029,5401,31.97,73.28,0.775,216.41,14.77,5401,80.52,86.91
DK2,onshore,5 hours,common,year,2021,5286,129.44,15.67,0.4828,5286,37.41,68.88,0.711,179.2,20.88,5286,72.33,84.96
DK2,onshore,5 hours,common,year,2022,5414,136.64,13.8,0.4525,5414,39.04,64.24,0.7143,189.27,20.63,5414,71.3,84.72
DK2,onshore,5 hours,common,year,2023,5464,142.74,-4.69,0.5703,5464,32.73,69.84,0.7707,203.01,16.12,5464,76.17,88.1
DK2,onshore,5 hours,common,year,2024,5335,140.01,-15.01,0.5265,5335,35.6,69.9,0.7457,197.18,18.06,5335,75.2,87.52
DK2,onshore,5 hours,common,year,2025,5274,128.6,-24.18,0.4671,5274,37.51,70.08,0.7083,181.37,20.68,5274,70.39,85.74
DK2,onshore,5 hours,common,year,2026,2707,125.26,-19.51,0.4387,2707,35.66,70.15,0.7153,173.06,20.61,2707,63.53,86.29
DK2,onshore,5 hours,common,quarter,Q1,9317,159.74,-5.88,0.5311,9317,38.62,70.01,0.7582,247.54,15.6,9317,82.37,86.49
DK2,onshore,5 hours,common,quarter,Q2,9372,121.5,-1.66,0.4945,9372,34.63,70.54,0.715,154.31,22.44,9372,68.51,85.54
DK2,onshore,5 hours,common,quarter,Q3,8156,114.16,1.74,0.5374,8156,30.15,70.01,0.7359,148.56,20.3,8156,65.17,86.93
DK2,onshore,5 hours,common,quarter,Q4,8651,147.64,-3.04,0.5163,8928,38.11,67.7,0.7401,220.96,17.25,8928,78.79,86.53
DK2,onshore,1 hour,all,period,all,57311,131.64,5.19,0.2181,57773,26.68,57.08,0.7971,187.51,14.23,57771,34.12,89.05
DK2,onshore,1 hour,all,year,2019,983,165.79,8.01,0.4171,1445,21.95,62.58,0.8698,232.28,9.45,1443,37.68,93.39
DK2,onshore,1 hour,all,year,2020,8692,138.74,7.63,0.3402,8692,24.36,62.38,0.8244,209.47,11.63,8692,36.92,89.08
DK2,onshore,1 hour,all,year,2021,8643,122.84,17.35,0.1131,8643,30.92,58.16,0.7483,170.59,18.13,8643,34.87,86.68
DK2,onshore,1 hour,all,year,2022,8707,130.17,16.45,-0.019,8707,35.14,47.89,0.7301,182.24,19.28,8707,34.48,85.91
DK2,onshore,1 hour,all,year,2023,8749,138.88,5.08,0.2217,8749,26.58,52.22,0.8086,196.9,13.5,8749,34.16,90.42
DK2,onshore,1 hour,all,year,2024,8615,134.81,-3.99,0.3009,8615,23.74,58.79,0.8239,191.89,12.37,8615,33.96,90.88
DK2,onshore,1 hour,all,year,2025,8586,123.78,-6.31,0.3056,8586,22.04,60.07,0.8219,173.35,12.71,8586,31.74,90.6
DK2,onshore,1 hour,all,year,2026,4336,124.84,-6.25,0.2463,4336,22.63,61.44,0.8187,173.32,13.06,4336,30.03,89.51
DK2,onshore,1 hour,all,quarter,Q1,15026,158.52,5.32,0.2389,15026,28.48,58.31,0.8204,245.05,11.62,15026,37.42,90.01
DK2,onshore,1 hour,all,quarter,Q2,15117,115.65,6.66,0.2202,15117,25.34,57.26,0.7809,146.62,17.28,15117,32.5,88.39
DK2,onshore,1 hour,all,quarter,Q3,13123,105.01,5.17,0.2321,13123,23.59,57.11,0.7754,137.96,17.1,13123,30.71,88.78
DK2,onshore,1 hour,all,quarter,Q4,14045,144.97,3.54,0.1824,14507,28.99,55.61,0.7986,215.36,13.46,14505,35.46,88.97
DK2,onshore,1 hour,common,period,all,35496,136.22,4.37,0.2491,35773,26.67,57.91,0.8039,193.92,13.76,35773,35.52,89.4
DK2,onshore,1 hour,common,year,2019,615,162.01,6.65,0.4503,892,21.72,64.8,0.8662,235.3,9.23,892,39.52,92.03
DK2,onshore,1 hour,common,year,2020,5401,142.09,6.1,0.3767,5401,24.13,64.54,0.8302,216.41,11.15,5401,38.71,89.28
DK2,onshore,1 hour,common,year,2021,5286,129.44,14.74,0.1707,5286,30.06,59.29,0.7677,179.2,16.78,5286,36.26,87.57
DK2,onshore,1 hour,common,year,2022,5414,136.64,14.52,0.0345,5414,34.45,48.98,0.7479,189.27,18.2,5414,35.68,87.03
DK2,onshore,1 hour,common,year,2023,5464,142.74,5.93,0.2339,5464,26.79,51.48,0.8123,203.01,13.2,5464,34.97,90.45
DK2,onshore,1 hour,common,year,2024,5335,140.01,-3.68,0.3073,5335,24.51,58.99,0.825,197.18,12.43,5335,35.38,90.89
DK2,onshore,1 hour,common,year,2025,5274,128.6,-7.2,0.3231,5274,22.93,61.38,0.8217,181.37,12.64,5274,33.88,90.73
DK2,onshore,1 hour,common,year,2026,2707,125.26,-5.15,0.2657,2707,22.54,61.62,0.8201,173.06,13.02,2707,30.69,89.69
DK2,onshore,1 hour,common,quarter,Q1,9317,159.74,4.76,0.2719,9317,27.68,59.42,0.8267,247.54,11.18,9317,38.02,90.13
DK2,onshore,1 hour,common,quarter,Q2,9372,121.5,5.32,0.2455,9372,26.07,58.01,0.7854,154.31,16.9,9372,34.56,88.9
DK2,onshore,1 hour,common,quarter,Q3,8156,114.16,4.18,0.2614,8156,24.19,57.71,0.7881,148.56,16.28,8156,32.75,89.38
DK2,onshore,1 hour,common,quarter,Q4,8651,147.64,3.13,0.2176,8928,28.53,56.4,0.8053,220.96,12.91,8928,36.46,89.17
DK2,solar,day-ahead,all,period,all,54002,38.54,-3.12,0.8085,54207,23.09,83.36,0.3993,104.74,22.05,54196,120.58,45.13
DK2,solar,day-ahead,all,year,2019,421,9.39,2.3,0.5648,626,5.81,58.7,0.4577,13.82,41.99,615,13.39,64.13
DK2,solar,day-ahead,all,year,2020,5725,25.07,-0.4,0.7874,5725,12.2,81.61,0.5136,68.43,17.82,5725,57.37,65.07
DK2,solar,day-ahead,all,year,2021,8688,20.8,-3.64,0.8188,8688,11.5,77.26,0.4473,53.31,21.56,8688,63.46,43.32
DK2,solar,day-ahead,all,year,2022,8736,28.9,-13.1,0.7971,8736,19.96,85.3,0.3092,83.17,24.0,8736,98.4,41.58
DK2,solar,day-ahead,all,year,2023,8760,39.86,-9.85,0.8327,8760,21.78,88.5,0.4537,111.17,19.59,8760,130.2,43.77
DK2,solar,day-ahead,all,year,2024,8712,45.9,12.67,0.8156,8712,26.91,84.45,0.4137,122.47,21.97,8712,145.92,40.93
DK2,solar,day-ahead,all,year,2025,8616,50.74,2.79,0.7868,8616,34.23,84.01,0.3253,137.93,24.82,8616,160.59,41.3
DK2,solar,day-ahead,all,year,2026,4344,72.36,-16.2,0.8147,4344,42.31,83.61,0.4153,197.52,21.42,4344,228.37,46.5
DK2,solar,day-ahead,all,quarter,Q1,14228,28.42,-3.78,0.6997,14228,17.08,79.22,0.3989,55.09,31.01,14228,56.89,35.7
DK2,solar,day-ahead,all,quarter,Q2,14646,56.1,-4.51,0.8425,14646,33.41,89.79,0.4045,182.04,18.35,14646,212.17,50.31
DK2,solar,day-ahead,all,quarter,Q3,12698,43.38,-2.8,0.8205,12698,30.81,89.17,0.2897,143.1,21.53,12698,171.68,47.59
DK2,solar,day-ahead,all,quarter,Q4,12430,24.49,-1.09,0.7079,12635,10.13,74.71,0.5843,32.48,31.2,12624,34.71,47.3
DK2,solar,day-ahead,common,period,all,30669,58.78,-8.01,0.7337,30764,34.2,80.52,0.4168,162.27,21.07,30758,128.43,54.26
DK2,solar,day-ahead,common,year,2019,185,10.3,2.82,0.5889,280,6.28,66.06,0.4767,15.69,40.01,274,15.33,68.65
DK2,solar,day-ahead,common,year,2020,2611,31.48,2.22,0.7501,2611,15.24,80.47,0.516,90.12,16.91,2611,60.97,67.22
DK2,solar,day-ahead,common,year,2021,3556,34.67,-8.5,0.6455,3556,19.94,71.37,0.4248,88.13,22.63,3556,56.25,59.87
DK2,solar,day-ahead,common,year,2022,5420,42.82,-20.97,0.7036,5420,30.22,82.34,0.2942,125.17,24.15,5420,101.96,49.58
DK2,solar,day-ahead,common,year,2023,5468,58.75,-15.67,0.7578,5468,32.37,84.77,0.449,165.81,19.52,5468,133.64,52.18
DK2,solar,day-ahead,common,year,2024,5385,66.88,12.2,0.7669,5385,34.59,81.0,0.4828,180.29,19.19,5385,148.42,53.72
DK2,solar,day-ahead,common,year,2025,5333,74.83,-3.79,0.7238,5333,45.84,80.5,0.3874,205.93,22.26,5333,166.0,52.03
DK2,solar,day-ahead,common,year,2026,2711,104.31,-25.41,0.7285,2711,61.99,80.89,0.4057,289.55,21.41,2711,228.33,52.42
DK2,solar,day-ahead,common,quarter,Q1,8084,43.98,-7.55,0.6787,8084,26.63,78.4,0.3945,86.48,30.79,8084,82.89,44.74
DK2,solar,day-ahead,common,quarter,Q2,8171,85.57,-12.55,0.7611,8171,49.34,85.67,0.4234,284.09,17.37,8171,206.58,62.1
DK2,solar,day-ahead,common,quarter,Q3,7004,67.61,-9.56,0.7409,7004,45.16,85.35,0.332,226.85,19.91,7004,174.28,56.01
DK2,solar,day-ahead,common,quarter,Q4,7410,37.05,-2.11,0.6843,7505,15.64,72.68,0.5753,51.03,30.64,7499,49.56,54.33
DK2,solar,intraday,all,period,all,34682,54.07,-8.94,0.7653,34840,30.75,82.55,0.4292,151.3,20.33,34840,131.04,53.67
DK2,solar,intraday,all,year,2019,352,11.38,2.62,0.6126,510,6.38,62.94,0.4405,16.61,38.41,510,16.47,64.77
DK2,solar,intraday,all,year,2020,4375,28.7,2.7,0.793,4375,14.07,84.82,0.5096,81.92,17.18,4375,67.98,65.97
DK2,solar,intraday,all,year,2021,5460,30.31,-7.29,0.7488,5460,17.61,80.24,0.4189,79.6,22.13,5460,70.12,52.77
DK2,solar,intraday,all,year,2022,5460,41.98,-18.93,0.7379,5460,29.03,82.93,0.3083,124.71,23.28,5460,110.76,48.55
DK2,solar,intraday,all,year,2023,5475,57.67,-24.27,0.7513,5475,35.92,83.95,0.3772,165.63,21.69,5475,144.41,48.44
DK2,solar,intraday,all,year,2024,5445,66.28,8.83,0.8022,5445,31.17,80.4,0.5297,181.82,17.14,5445,157.61,55.3
DK2,solar,intraday,all,year,2025,5400,73.36,-5.76,0.7646,5400,41.92,86.07,0.4286,204.54,20.49,5400,178.09,53.28
DK2,solar,intraday,all,year,2026,2715,102.53,-24.09,0.7593,2715,58.65,80.88,0.428,290.03,20.22,2715,243.67,52.63
DK2,solar,intraday,all,quarter,Q1,9081,40.97,-4.98,0.706,9081,23.19,73.14,0.4342,81.78,28.35,9081,78.87,44.44
DK2,solar,intraday,all,quarter,Q2,9358,77.61,-15.72,0.7889,9358,44.94,94.68,0.421,260.41,17.26,9358,212.92,59.56
DK2,solar,intraday,all,quarter,Q3,8149,61.07,-12.64,0.779,8149,39.51,94.75,0.353,207.32,19.06,8149,178.82,55.06
DK2,solar,intraday,all,quarter,Q4,8094,34.51,-1.93,0.7037,8252,14.35,67.09,0.5797,48.73,29.45,8252,48.42,55.82
DK2,solar,intraday,common,period,all,30673,57.81,-9.86,0.7628,30764,33.11,81.9,0.4258,162.27,20.41,30764,139.63,53.72
DK2,solar,intraday,common,year,2019,189,10.45,2.69,0.6286,280,5.77,64.64,0.4549,15.69,36.77,280,15.53,65.08
DK2,solar,intraday,common,year,2020,2611,30.94,5.33,0.7699,2611,15.94,81.27,0.4849,90.12,17.69,2611,69.26,66.76
DK2,solar,intraday,common,year,2021,3556,34.11,-8.91,0.7216,3556,20.15,75.79,0.4093,88.13,22.86,3556,72.37,58.61
DK2,solar,intraday,common,year,2022,5420,42.09,-18.99,0.7379,5420,29.13,83.04,0.308,125.17,23.27,5420,111.12,48.6
DK2,solar,intraday,common,year,2023,5468,57.67,-24.32,0.7513,5468,35.94,83.94,0.3768,165.81,21.68,5468,144.54,48.45
DK2,solar,intraday,common,year,2024,5385,65.84,8.43,0.8033,5385,30.85,80.3,0.5315,180.29,17.11,5385,156.84,55.25
DK2,solar,intraday,common,year,2025,5333,73.75,-5.79,0.7651,5333,42.09,86.09,0.4293,205.93,20.44,5333,179.22,53.37
DK2,solar,intraday,common,year,2026,2711,102.47,-24.0,0.7593,2711,58.61,80.86,0.4281,289.55,20.24,2711,243.51,52.56
DK2,solar,intraday,common,quarter,Q1,8084,43.24,-5.93,0.7024,8084,24.8,72.51,0.4265,86.48,28.68,8084,83.35,44.71
DK2,solar,intraday,common,quarter,Q2,8171,84.38,-17.67,0.7852,8171,49.43,94.21,0.4142,284.09,17.4,8171,230.12,60.27
DK2,solar,intraday,common,quarter,Q3,7004,66.9,-13.34,0.7776,7004,43.23,94.19,0.3539,226.85,19.05,7004,194.32,55.57
DK2,solar,intraday,common,quarter,Q4,7414,35.81,-2.35,0.7067,7505,14.87,67.14,0.5817,51.03,29.14,7505,50.7,54.6
DK2,solar,5 hours,all,period,all,48167,39.97,-3.78,0.8481,48293,23.53,82.83,0.41,110.77,21.24,48293,154.95,44.09
DK2,solar,5 hours,all,year,2019,217,9.16,2.08,0.817,343,4.69,87.17,0.4584,12.8,36.63,343,25.63,56.22
DK2,solar,5 hours,all,year,2020,3332,24.57,3.35,0.8722,3332,13.46,91.45,0.4521,71.0,18.96,3332,105.34,60.59
DK2,solar,5 hours,all,year,2021,5556,22.46,-5.65,0.8511,5556,12.94,80.62,0.4237,57.26,22.6,5556,86.95,46.27
DK2,solar,5 hours,all,year,2022,8724,28.38,-10.47,0.8404,8724,18.73,82.68,0.3398,83.15,22.53,8724,117.39,40.86
DK2,solar,5 hours,all,year,2023,8752,39.09,-12.32,0.8569,8752,22.2,85.35,0.4322,111.25,19.95,8752,155.09,42.25
DK2,solar,5 hours,all,year,2024,8629,44.86,9.53,0.8566,8629,24.27,79.64,0.459,121.28,20.01,8629,169.22,41.86
DK2,solar,5 hours,all,year,2025,8616,50.02,2.13,0.8319,8616,32.25,82.17,0.3552,137.82,23.4,8616,191.84,41.98
DK2,solar,5 hours,all,year,2026,4341,71.09,-14.88,0.8491,4341,39.83,81.52,0.4397,197.48,20.17,4341,263.91,46.88
DK2,solar,5 hours,all,quarter,Q1,12563,29.57,-3.59,0.8227,12563,17.31,77.54,0.4146,58.49,29.59,12563,97.65,34.8
DK2,solar,5 hours,all,quarter,Q2,12839,59.44,-6.84,0.8597,12839,35.43,90.7,0.4039,196.71,18.01,12839,252.57,49.56
DK2,solar,5 hours,all,quarter,Q3,11001,46.12,-3.6,0.8505,11001,31.47,88.77,0.3176,154.01,20.43,11001,210.57,47.82
DK2,solar,5 hours,all,quarter,Q4,11764,24.06,-0.85,0.831,11890,9.9,74.41,0.5859,33.2,29.83,11890,58.62,44.57
DK2,solar,5 hours,common,period,all,30673,57.81,-8.66,0.8491,30764,32.64,91.76,0.434,162.27,20.11,30764,216.35,53.95
DK2,solar,5 hours,common,year,2019,189,10.45,2.53,0.7457,280,5.73,84.29,0.456,15.69,36.5,280,22.51,62.43
DK2,solar,5 hours,common,year,2020,2611,30.94,4.17,0.8274,2611,16.83,89.35,0.4562,90.12,18.67,2611,97.51,65.38
DK2,solar,5 hours,common,year,2021,3556,34.11,-8.56,0.7882,3556,19.78,87.96,0.42,88.13,22.45,3556,93.39,59.31
DK2,solar,5 hours,common,year,2022,5420,42.09,-17.34,0.8381,5420,28.27,92.79,0.3284,125.17,22.58,5420,174.58,48.93
DK2,solar,5 hours,common,year,2023,5468,57.67,-19.56,0.8544,5468,33.22,94.66,0.424,165.81,20.03,5468,228.07,49.62
DK2,solar,5 hours,common,year,2024,5385,65.84,8.18,0.8736,5385,31.31,92.57,0.5245,180.29,17.37,5385,247.67,55.32
DK2,solar,5 hours,common,year,2025,5333,73.75,-5.08,0.8492,5333,42.56,92.52,0.4229,205.93,20.67,5333,282.27,53.16
DK2,solar,5 hours,common,year,2026,2711,102.47,-23.45,0.8468,2711,58.22,88.86,0.4319,289.55,20.11,2711,380.12,52.97
DK2,solar,5 hours,common,quarter,Q1,8084,43.24,-6.37,0.8266,8084,25.02,90.65,0.4214,86.48,28.93,8084,144.28,44.87
DK2,solar,5 hours,common,quarter,Q2,8171,84.38,-15.67,0.8591,8171,47.99,93.11,0.4313,284.09,16.89,8171,340.7,61.83
DK2,solar,5 hours,common,quarter,Q3,7004,66.9,-10.72,0.854,7004,42.46,92.93,0.3654,226.85,18.72,7004,290.84,56.52
DK2,solar,5 hours,common,quarter,Q4,7414,35.81,-1.57,0.832,7505,14.97,90.41,0.5789,51.03,29.33,7505,89.09,52.75
DK2,solar,1 hour,all,period,all,49107,41.34,-3.89,0.6551,49287,20.69,59.39,0.4982,114.43,18.08,49287,59.99,48.47
DK2,solar,1 hour,all,year,2019,379,10.78,1.75,0.6765,559,4.42,77.82,0.6208,15.53,28.47,559,13.67,67.02
DK2,solar,1 hour,all,year,2020,4113,32.29,2.37,0.6695,4113,15.2,83.93,0.5293,91.63,16.59,4113,45.99,69.07
DK2,solar,1 hour,all,year,2021,5560,31.2,-4.0,0.6948,5560,12.1,64.39,0.6121,81.24,14.9,5560,39.65,59.68
DK2,solar,1 hour,all,year,2022,8720,28.35,-7.72,0.6846,8720,14.11,54.53,0.5022,83.26,16.95,8720,44.75,43.69
DK2,solar,1 hour,all,year,2023,8749,39.14,-12.6,0.6796,8749,19.03,55.51,0.5139,111.31,17.09,8749,59.4,44.9
DK2,solar,1 hour,all,year,2024,8629,45.28,7.68,0.6725,8629,21.51,53.95,0.525,122.71,17.53,8629,65.66,42.96
DK2,solar,1 hour,all,year,2025,8616,50.02,0.94,0.611,8616,28.54,56.06,0.4294,137.84,20.71,8616,73.37,43.72
DK2,solar,1 hour,all,year,2026,4341,71.05,-17.7,0.6138,4341,38.32,62.38,0.4607,197.24,19.43,4341,99.22,50.17
DK2,solar,1 hour,all,quarter,Q1,12866,30.72,-3.34,0.63,12866,15.03,53.4,0.5105,60.66,24.79,12866,40.63,39.2
DK2,solar,1 hour,all,quarter,Q2,12971,61.86,-8.85,0.6551,12971,32.54,68.37,0.4739,204.32,15.93,12971,94.36,54.53
DK2,solar,1 hour,all,quarter,Q3,11094,48.39,-2.73,0.6625,11094,27.34,67.22,0.4349,161.97,16.88,11094,81.03,52.88
DK2,solar,1 hour,all,quarter,Q4,12176,24.29,-0.28,0.6762,12356,8.15,49.18,0.6625,33.37,24.43,12356,25.17,47.79
DK2,solar,1 hour,common,period,all,30673,57.81,-8.43,0.6597,30764,27.42,72.42,0.5245,162.27,16.9,30764,80.59,57.09
DK2,solar,1 hour,common,year,2019,189,10.45,2.13,0.7392,280,3.84,82.5,0.7014,15.69,24.49,280,14.73,67.72
DK2,solar,1 hour,common,year,2020,2611,30.94,5.49,0.6401,2611,15.3,81.31,0.5055,90.12,16.98,2611,42.52,65.19
DK2,solar,1 hour,common,year,2021,3556,34.11,-4.8,0.6762,3556,12.79,69.15,0.6251,88.13,14.51,3556,39.49,65.02
DK2,solar,1 hour,common,year,2022,5420,42.09,-12.46,0.6767,5420,20.74,71.24,0.5074,125.17,16.57,5420,64.14,53.82
DK2,solar,1 hour,common,year,2023,5468,57.67,-19.44,0.67,5468,27.76,72.26,0.5187,165.81,16.74,5468,84.1,54.39
DK2,solar,1 hour,common,year,2024,5385,65.84,5.1,0.709,5385,26.71,72.18,0.5943,180.29,14.82,5385,91.8,56.25
DK2,solar,1 hour,common,year,2025,5333,73.75,-6.52,0.6433,5333,37.03,71.91,0.4979,205.93,17.98,5333,103.81,55.32
DK2,solar,1 hour,common,year,2026,2711,102.47,-28.06,0.5882,2711,55.93,71.3,0.4541,289.55,19.32,2711,135.85,55.33
DK2,solar,1 hour,common,quarter,Q1,8084,43.24,-6.23,0.6285,8084,21.03,66.98,0.5137,86.48,24.32,8084,56.61,46.61
DK2,solar,1 hour,common,quarter,Q2,8171,84.38,-18.3,0.6509,8171,42.14,78.99,0.5006,284.09,14.83,8171,120.72,64.94
DK2,solar,1 hour,common,quarter,Q3,7004,66.9,-7.62,0.6813,7004,34.08,79.75,0.4906,226.85,15.02,7004,106.96,61.98
DK2,solar,1 hour,common,quarter,Q4,7414,35.81,-0.82,0.6834,7505,12.07,64.29,0.6606,51.03,23.66,7505,38.13,55.26
